date, pm25, pm10, o3, no2
2025/6/1, 27, 15, 30, 2
2025/6/2, 17, 17, 37, 3
2025/6/3, 20, 18, 31, 4
2025/6/4, 17, 11, 29, 3
2025/6/5, 17, 11, 30, 1
2025/6/6, 6, 9, 26, 2
2025/6/7, 8, 9, 26, 
2025/6/8, 8, 9, 19, 2
2025/6/9, 16, , , 
2025/5/1, 40, 34, 55, 6
2025/5/2, 67, 17, 33, 1
2025/5/3, 20, 10, 31, 
2025/5/4, 15, 12, 29, 2
2025/5/5, 15, 14, 30, 1
2025/5/6, 22, 18, 32, 1
2025/5/7, 25, 15, 36, 2
2025/5/8, 16, 18, 41, 3
2025/5/9, 22, 17, 44, 2
2025/5/10, 22, 14, 49, 2
2025/5/11, 19, 16, 39, 2
2025/5/12, 13, 17, 50, 2
2025/5/13, 19, 25, 38, 2
2025/5/14, 25, 23, 39, 1
2025/5/15, 18, 27, 37, 2
2025/5/16, 32, 22, 35, 1
2025/5/17, 28, 18, 34, 
2025/5/18, 30, 13, 39, 2
2025/5/19, 17, 17, 39, 2
2025/5/20, 21, 24, 35, 2
2025/5/21, 33, 20, 30, 
2025/5/22, 18, 16, 28, 1
2025/5/23, 12, 16, 27, 3
2025/5/24, 27, 12, 27, 1
2025/5/25, 19, 17, 32, 3
2025/5/26, 20, 13, 25, 2
2025/5/27, 16, 11, 31, 1
2025/5/28, 13, 12, 20, 3
2025/5/29, 28, 12, 26, 2
2025/5/30, 21, 13, 34, 3
2025/5/31, 20, 17, 33, 2
2025/4/1, 32, 30, 37, 2
2025/4/2, 31, 19, 40, 3
2025/4/3, 39, 26, 40, 5
2025/4/4, 36, 18, 33, 2
2025/4/5, 30, 9, 34, 1
2025/4/6, 17, 14, 35, 4
2025/4/7, 28, 18, 36, 3
2025/4/8, 27, 18, 32, 1
2025/4/9, 35, 24, 34, 1
2025/4/10, 31, 26, 35, 5
2025/4/11, 50, 28, 40, 4
2025/4/12, 42, 18, 35, 2
2025/4/13, 37, 14, 38, 3
2025/4/14, 28, 19, 34, 3
2025/4/15, 34, 11, 22, 5
2025/4/16, 21, 16, 25, 5
2025/4/17, 42, 15, 26, 5
2025/4/18, 42, 14, 35, 3
2025/4/19, 24, 14, 32, 1
2025/4/20, 17, 11, 27, 1
2025/4/21, 35, 19, 29, 4
2025/4/22, 56, 13, 29, 4
2025/4/23, 38, 10, 25, 2
2025/4/24, 31, 10, 23, 1
2025/4/25, 24, 13, 35, 2
2025/4/26, 41, 17, 39, 2
2025/4/27, 35, 19, 42, 4
2025/4/28, 33, 22, 39, 4
2025/4/29, 42, 23, 42, 4
2025/4/30, 21, 28, 60, 6
2025/1/1, 33, 11, 27, 3
2025/1/2, 21, 8, 26, 2
2025/1/3, 14, 16, 19, 6
2025/1/4, 47, 15, 25, 5
2025/1/5, 35, 7, 31, 1
2025/1/6, 10, 6, 27, 2
2025/1/7, 21, 10, 19, 
2025/1/8, 32, 7, 28, 
2025/1/9, 30, 14, 24, 
2025/1/10, 23, 14, 12, 
2025/1/11, 62, 10, 23, 
2025/1/12, 38, 19, 17, 
2025/1/13, 62, 30, 10, 
2025/1/14, 88, 10, 13, 
2025/1/15, 38, 15, 10, 
2025/1/16, 59, 13, 5, 
2025/1/17, 60, 14, 7, 
2025/1/18, 56, 29, 3, 
2025/1/19, 85, 31, 4, 
2025/1/20, 76, 30, 5, 
2025/1/21, 79, 21, 5, 
2025/1/22, 67, 11, 24, 
2025/1/23, 49, 8, 25, 
2025/1/24, 14, 13, 24, 
2025/1/25, 28, 9, 29, 
2025/1/26, 17, 9, 32, 
2025/1/27, 9, 8, 30, 
2025/1/28, 10, 9, 26, 
2025/1/30, 25, 21, 17, 
2025/1/31, 38, 19, 17, 
2025/2/3, 95, 29, 13, 
2025/2/4, 89, 20, 17, 
2025/2/5, 69, 11, 25, 
2025/2/6, 45, 14, 25, 
2025/2/7, 49, 29, 17, 
2025/2/8, 77, 44, 18, 
2025/2/9, 117, 46, 15, 
2025/2/10, 122, 29, 11, 
2025/2/11, 83, 23, 6, 
2025/2/12, 69, 48, 19, 
2025/2/13, 127, 30, 21, 
2025/2/14, 83, 32, 21, 
2025/2/15, 85, 22, 25, 
2025/2/16, 55, 15, 22, 6
2025/2/17, 54, 23, 26, 3
2025/2/18, 66, 25, 22, 6
2025/2/19, 64, 24, 16, 6
2025/2/20, 63, 12, 25, 5
2025/2/21, 31, 16, 18, 8
2025/2/22, 40, 18, 28, 2
2025/2/23, 43, 9, 26, 2
2025/2/24, 14, 23, 25, 4
2025/2/25, 41, 12, 28, 4
2025/2/26, 26, 8, 25, 3
2025/2/27, 14, 10, 27, 2
2025/2/28, 24, 12, 27, 3
2025/3/1, 35, 18, 27, 2
2025/3/2, 51, 31, 24, 6
2025/3/3, 67, 42, 24, 7
2025/3/4, 98, 46, 25, 10
2025/3/5, 92, 33, 32, 8
2025/3/6, 61, 29, 30, 6
2025/3/7, 55, 25, 39, 5
2025/3/8, 47, 31, 41, 3
2025/3/9, 80, 49, 45, 6
2025/3/10, 100, 30, 32, 2
2025/3/11, 52, 18, 29, 4
2025/3/12, 19, 17, 24, 4
2025/3/13, 27, 14, 28, 2
2025/3/14, 28, 15, 27, 1
2025/3/15, 25, 10, 32, 1
2025/3/16, 32, 20, 31, 2
2025/3/17, 26, 17, 31, 4
2025/3/18, 37, 30, 30, 8
2025/3/19, 53, 33, 35, 9
2025/3/20, 58, 34, 36, 5
2025/3/21, 56, 23, 34, 2
2025/3/22, 47, 18, 31, 3
2025/3/23, 37, 29, 33, 4
2025/3/24, 77, 40, 31, 3
2025/3/25, 83, 16, 23, 2
2025/3/26, 16, 23, 30, 5
2025/3/27, 50, 33, 23, 6
2025/3/28, 61, 16, 27, 2
2025/3/29, 26, 18, 32, 1
2025/3/30, 27, 18, 31, 1
2025/3/31, 23, 17, 31, 2
2024/10/1, 11, 9, 20, 3
2024/10/2, 23, 10, 29, 2
2024/10/3, 17, 12, 28, 3
2024/10/4, 31, 12, 30, 3
2024/10/5, 36, 12, 9, 5
2024/10/6, 30, 13, 28, 3
2024/10/7, 13, 11, 29, 3
2024/10/8, 7, 9, 21, 3
2024/10/9, 4, 10, 29, 2
2024/10/10, 13, 12, 25, 3
2024/10/11, 19, 13, 15, 6
2024/10/12, 30, 9, 26, 1
2024/10/13, 16, 15, 11, 6
2024/10/14, 38, 11, 21, 3
2024/10/15, 35, 13, 16, 4
2024/10/16, 21, 14, 19, 5
2024/10/17, 22, 18, 11, 5
2024/10/18, 41, 11, 19, 4
2024/10/19, 31, 13, 26, 1
2024/10/20, 14, 16, 24, 3
2024/10/21, 24, 10, 19, 4
2024/10/22, 22, 13, 16, 6
2024/10/23, 43, 12, 12, 5
2024/10/24, 40, 15, 12, 7
2024/10/25, 33, 15, 8, 8
2024/10/26, 34, 13, 23, 2
2024/10/27, 22, 11, 17, 6
2024/10/28, 33, 9, 14, 5
2024/10/29, 29, 6, 14, 3
2024/10/30, 17, 14, 16, 4
2024/10/31, 35, 19, 4, 8
2024/11/1, 56, 17, 29, 3
2024/11/2, 37, 13, 13, 3
2024/11/3, 42, 14, 12, 4
2024/11/4, 49, 22, 7, 5
2024/11/5, 51, 23, 2, 9
2024/11/6, 63, 18, 7, 8
2024/11/7, 58, 20, 11, 4
2024/11/8, 66, 20, 6, 5
2024/11/9, 53, 21, 7, 7
2024/11/10, 64, 18, 27, 3
2024/11/11, 39, 13, 17, 3
2024/11/12, 42, 20, 18, 5
2024/11/13, 44, 12, 27, 3
2024/11/14, 18, 11, 18, 5
2024/11/15, 32, 15, 18, 5
2024/11/16, 51, 8, 27, 2
2024/11/17, 17, 8, 22, 5
2024/11/18, 17, 11, 19, 6
2024/11/19, 26, 7, 26, 3
2024/11/20, 14, 9, 23, 4
2024/11/21, 15, 8, 25, 6
2024/11/22, 21, 9, 25, 3
2024/11/23, 22, 9, 27, 1
2024/11/24, 14, 9, 27, 3
2024/11/25, 19, 14, 18, 6
2024/11/26, 23, 11, 30, 4
2024/11/27, 26, 12, 29, 3
2024/11/28, 26, 12, 14, 8
2024/11/29, 40, 13, 12, 8
2024/11/30, 49, 14, 12, 9
2024/12/1, 51, 10, 22, 4
2024/12/2, 27, 11, 25, 4
2024/12/3, 14, 13, 17, 9
2024/12/4, 37, 10, 18, 4
2024/12/5, 34, 14, 31, 2
2024/12/6, 16, 13, 28, 2
2024/12/7, 15, 7, 21, 1
2024/12/8, 16, 7, 18, 1
2024/12/9, 24, 10, 23, 2
2024/12/10, 33, 12, 22, 2
2024/12/11, 46, 9, 18, 3
2024/12/12, 43, 19, 15, 5
2024/12/13, 62, 20, 21, 6
2024/12/14, 67, 10, 20, 3
2024/12/15, 25, 8, 24, 3
2024/12/16, 21, 10, 20, 5
2024/12/17, 39, 9, 23, 3
2024/12/19, 6, 15, 26, 4
2024/12/20, 18, 9, 27, 3
2024/12/21, 24, 14, 31, 1
2024/12/22, 18, 14, 31, 2
2024/12/23, 19, 11, 17, 6
2024/12/24, 32, 9, 17, 6
2024/12/25, 45, 8, 16, 4
2024/12/26, 28, 14, 5, 8
2024/12/27, 49, 15, 3, 11
2024/12/28, 57, 21, 6, 10
2024/12/29, 75, , , 
2024/7/1, 12, 13, 28, 1
2024/7/2, 17, 13, 30, 2
2024/7/3, 12, 13, 32, 1
2024/7/4, 17, 16, 29, 2
2024/7/5, 33, 13, 32, 2
2024/7/6, 12, 10, 26, 1
2024/7/7, 10, 12, 33, 2
2024/7/8, 23, 19, 48, 3
2024/7/9, 22, 13, 28, 2
2024/7/10, 26, 11, 30, 2
2024/7/11, 11, 9, 24, 2
2024/7/12, 15, 8, 26, 1
2024/7/13, 7, 9, 38, 1
2024/7/14, 23, 11, 46, 2
2024/7/15, 17, 11, 30, 1
2024/7/16, 13, 12, 33, 1
2024/7/17, 21, 19, 51, 2
2024/7/18, 44, 19, 52, 4
2024/7/19, 40, 23, 67, 2
2024/7/20, 37, 15, 22, 2
2024/7/21, 28, 12, 33, 1
2024/7/22, 19, 12, 25, 2
2024/7/23, 10, 11, 29, 1
2024/7/24, 20, 14, 36, 3
2024/7/25, 27, 13, 28, 2
2024/7/26, 24, 13, 33, 2
2024/7/27, 20, 10, 32, 1
2024/7/28, 22, 11, 40, 1
2024/7/29, 17, 18, 54, 3
2024/7/30, 28, 14, 50, 2
2024/7/31, 16, 17, 28, 2
2024/8/1, 18, 17, 40, 1
2024/8/2, 19, 21, 29, 3
2024/8/3, 40, 14, 27, 1
2024/8/4, 15, 19, 39, 3
2024/8/5, 31, 19, 47, 3
2024/8/6, 36, 15, 32, 3
2024/8/7, 22, 17, 40, 2
2024/8/8, 19, 10, 28, 2
2024/8/9, 13, 15, 30, 3
2024/8/10, 21, 13, 37, 3
2024/8/11, 25, 17, 54, 2
2024/8/12, 16, 25, 52, 5
2024/8/13, 37, 21, 27, 6
2024/8/14, 33, 18, 32, 4
2024/8/15, 41, 9, 18, 2
2024/8/16, 12, 10, 36, 1
2024/8/17, 10, 12, 38, 2
2024/8/18, 21, 17, 38, 3
2024/8/19, 31, 19, 35, 3
2024/8/20, 43, 10, 28, 1
2024/8/21, 12, 14, 35, 2
2024/8/22, 16, 13, 29, 1
2024/8/23, 13, 11, 29, 1
2024/8/24, 10, 15, 29, 1
2024/8/25, 34, 15, 32, 3
2024/8/26, 24, 18, 46, 5
2024/8/27, 42, 23, 57, 4
2024/8/28, 44, 23, 42, 5
2024/8/29, 39, 12, 35, 3
2024/8/30, 29, 17, 34, 1
2024/8/31, 35, 14, 43, 1
2024/9/1, 30, 20, 48, 3
2024/9/2, 34, 17, 28, 4
2024/9/3, 29, 11, 25, 3
2024/9/4, 16, 17, 51, 2
2024/9/5, 30, 31, 41, 2
2024/9/6, 44, 16, 43, 4
2024/9/7, 18, 11, 38, 2
2024/9/8, 10, 9, 31, 3
2024/9/9, 6, 14, 22, 3
2024/9/10, 15, 7, 28, 1
2024/9/11, 9, 7, 25, 2
2024/9/12, 9, 7, 30, 1
2024/9/13, 16, 12, 32, 2
2024/9/14, 22, 13, 32, 3
2024/9/15, 42, 12, 27, 3
2024/9/16, 32, 11, 30, 1
2024/9/17, 11, 23, 30, 2
2024/9/18, 56, 33, 28, 2
2024/9/19, 76, 25, 41, 2
2024/9/20, 56, 25, 39, 3
2024/9/21, 50, 22, 42, 3
2024/9/22, 46, 19, 34, 4
2024/9/23, 31, 13, 32, 3
2024/9/24, 22, 12, 29, 3
2024/9/25, 30, 7, 27, 1
2024/9/26, 3, 9, 28, 1
2024/9/27, 6, 9, 29, 1
2024/9/28, 12, 9, 28, 3
2024/9/29, 24, 8, 22, 3
2024/9/30, 14, 7, 20, 3
2024/4/1, 25, 11, 29, 2
2024/4/2, 16, 12, 30, 3
2024/4/3, 9, 15, 32, 2
2024/4/4, 26, 16, 27, 2
2024/4/5, 19, 11, 34, 2
2024/4/6, 16, 12, 37, 1
2024/4/7, 13, 16, 31, 3
2024/4/8, 22, 13, 31, 1
2024/4/9, 20, 14, 33, 2
2024/4/10, 25, 12, 28, 3
2024/4/11, 28, 12, 23, 2
2024/4/12, 41, 12, 33, 2
2024/4/26, 14, 15, 29, 2
2024/4/27, 25, 10, 35, 1
2024/4/28, 13, 12, 36, 3
2024/4/29, 21, 20, 41, 4
2024/4/30, 26, 30, 52, 3
2024/5/1, 51, 32, 43, 3
2024/5/2, 54, 18, 28, 2
2024/5/3, 34, 12, 34, 3
2024/5/4, 23, 9, 37, 1
2024/5/5, 16, 12, 41, 2
2024/5/6, 27, 13, 40, 1
2024/5/7, 26, 13, 31, 2
2024/5/8, 32, 17, 39, 2
2024/5/9, 43, 20, 44, 2
2024/5/10, 51, 14, 42, 1
2024/5/11, 27, 16, 50, 1
2024/5/12, 28, 18, 44, 3
2024/5/13, 26, 19, 54, 3
2024/5/14, 33, 26, 32, 4
2024/5/15, 59, 15, 36, 3
2024/5/16, 39, 20, 33, 3
2024/5/17, 41, 20, 40, 3
2024/5/18, 42, 18, 41, 2
2024/5/19, 39, 19, 38, 1
2024/5/20, 42, 16, 43, 3
2024/5/21, 26, 10, 36, 2
2024/5/22, 24, 15, 32, 2
2024/5/23, 34, 17, 28, 3
2024/5/24, 48, 9, 34, 1
2024/5/25, 28, 10, 36, 2
2024/5/26, 32, 12, 30, 2
2024/5/27, 17, 10, 36, 1
2024/5/28, 22, 10, 29, 1
2024/5/29, 8, 10, 31, 2
2024/5/30, 21, 11, 34, 
2024/5/31, 17, 18, 31, 
2024/6/1, 33, 20, 39, 
2024/6/2, 35, 16, 34, 1
2024/6/3, 23, 18, 36, 3
2024/6/4, 34, 14, 30, 1
2024/6/5, 25, 18, 32, 3
2024/6/6, 37, 24, 35, 3
2024/6/7, 44, 17, 31, 3
2024/6/8, 31, 12, 30, 1
2024/6/9, 13, 10, 27, 2
2024/6/10, 15, 12, 31, 1
2024/6/11, 12, 10, 32, 1
2024/6/12, 10, 14, 38, 3
2024/6/13, 22, 11, 28, 3
2024/6/14, 19, 9, 31, 1
2024/6/15, 11, 10, 24, 
2024/6/16, 10, 12, 37, 2
2024/6/17, 13, 13, 23, 2
2024/6/18, 26, 9, 34, 1
2024/6/19, 16, 11, 35, 1
2024/6/20, 22, 14, 23, 2
2024/6/21, 25, 16, 33, 2
2024/6/22, 34, 11, 40, 1
2024/6/23, 20, 15, 44, 2
2024/6/24, 28, 15, 54, 2
2024/6/25, 22, 22, 56, 3
2024/6/26, 40, 31, 60, 4
2024/6/27, 50, 16, 31, 1
2024/6/28, 22, 19, 44, 3
2024/6/29, 25, 13, 36, 1
2024/6/30, 22, 10, 26, 2
2024/1/1, 30, 11, , 1
2024/1/2, 11, 14, , 1
2024/1/3, 17, 14, , 4
2024/1/4, 21, 8, , 4
2024/1/5, 16, 11, , 2
2024/1/6, 32, 13, , 2
2024/1/7, 43, 9, , 2
2024/1/8, 34, 10, , 3
2024/1/9, 33, 17, , 8
2024/1/10, 57, 30, , 9
2024/1/11, 78, 23, , 7
2024/1/12, 52, 18, , 3
2024/1/13, 42, 22, , 4
2024/1/14, 57, 7, , 2
2024/1/15, 11, 14, , 7
2024/1/16, 27, 27, , 11
2024/1/17, 64, 25, , 10
2024/1/18, 55, 12, , 10
2024/1/19, 33, 22, , 7
2024/1/20, 69, 11, , 3
2024/1/21, 40, 14, , 1
2024/1/22, 20, 22, , 3
2024/1/23, 27, 24, , 2
2024/1/24, 31, 28, , 7
2024/1/25, 43, 13, , 3
2024/1/26, 30, 26, , 11
2024/1/27, 54, 17, , 10
2024/1/28, 46, 20, , 10
2024/1/29, 50, 14, , 4
2024/1/30, 33, 12, , 4
2024/1/31, 32, 22, , 4
2024/2/1, 25, 19, , 5
2024/2/2, 42, 12, , 4
2024/2/3, 24, 13, , 3
2024/2/4, 16, 30, , 2
2024/2/5, 43, 22, , 1
2024/2/6, 27, 15, 6, 3
2024/2/7, 17, 13, 23, 4
2024/2/8, 26, 10, 21, 3
2024/2/9, 18, 14, 15, 5
2024/2/10, 18, 13, 20, 3
2024/2/11, 32, 14, 21, 6
2024/2/12, 35, 14, 25, 6
2024/2/13, 31, 8, 23, 3
2024/2/14, 10, 12, 19, 4
2024/2/15, 13, 11, 17, 5
2024/2/16, 19, 15, 16, 7
2024/2/17, 49, 11, 26, 3
2024/2/18, 19, 15, 26, 3
2024/2/19, 21, 25, 20, 6
2024/2/20, 34, 12, 24, 2
2024/2/21, 22, 11, 32, 2
2024/2/22, 6, 9, 31, 2
2024/2/23, 13, 8, 27, 2
2024/2/24, 13, 7, 28, 1
2024/2/25, 15, 9, 22, 2
2024/2/26, 26, 15, 25, 3
2024/2/27, 31, 21, 19, 8
2024/2/28, 62, 11, 19, 4
2024/2/29, 35, 9, 28, 2
2024/3/1, 14, 8, 35, 2
2024/3/2, 10, 14, 27, 4
2024/3/3, 26, 16, 33, 4
2024/3/4, 27, 25, 8, 8
2024/3/5, 57, 23, 23, 6
2024/3/6, 66, 26, 19, 4
2024/3/7, 69, 27, 29, 2
2024/3/8, 70, 28, 25, 3
2024/3/9, 68, 24, 23, 2
2024/3/10, 65, 31, 16, 4
2024/3/11, 79, 29, 21, 4
2024/3/12, 68, 14, 21, 3
2024/3/13, 17, 12, 24, 3
2024/3/14, 20, 11, 30, 2
2024/3/15, 22, 12, 31, 2
2024/3/16, 28, 12, 22, 5
2024/3/17, 38, 14, 28, 3
2024/3/18, 29, 16, 29, 5
2024/3/19, 32, 23, 29, 4
2024/3/20, 40, 21, 26, 4
2024/3/21, 43, 27, 22, 4
2024/3/22, 53, 15, 31, 3
2024/3/23, 26, 12, 28, 1
2024/3/24, 13, 18, 31, 3
2024/3/25, 24, 17, 22, 6
2024/3/26, 29, 12, 26, 5
2024/3/27, 23, 10, 32, 4
2024/3/28, 12, 9, 31, 2
2024/3/29, 11, 14, 24, 3
2024/3/30, 26, 17, 32, 2
2024/3/31, 32, 15, 29, 2
2023/10/1, 41, 22, 24, 7
2023/10/2, 49, 15, 25, 3
2023/10/3, 31, 13, 23, 4
2023/10/4, 20, 14, 23, 4
2023/10/5, 21, 15, 24, 5
2023/10/6, 30, 19, 31, 3
2023/10/7, 28, 14, 22, 3
2023/10/8, 21, 22, 18, 7
2023/10/9, 41, 20, 16, 5
2023/10/10, 46, 26, , 5
2023/10/11, 39, 14, , 4
2023/10/12, 25, 22, , 3
2023/10/13, 19, 12, , 1
2023/10/14, 18, 8, , 1
2023/10/15, 10, 11, , 4
2023/10/16, 22, 12, , 2
2023/10/17, 30, 12, , 3
2023/10/18, 33, 12, , 5
2023/10/19, 12, 11, , 4
2023/10/20, 31, 9, , 2
2023/10/21, 8, 6, , 2
2023/10/22, 6, 13, , 5
2023/10/23, 41, 7, , 3
2023/10/24, 13, 10, , 5
2023/10/25, 12, 12, , 4
2023/10/26, 33, 14, , 6
2023/10/27, 28, 10, , 2
2023/10/28, 10, 8, , 1
2023/10/29, 4, 12, , 3
2023/10/30, 11, 9, , 3
2023/10/31, 12, 10, , 2
2023/11/1, 9, 8, , 1
2023/11/2, 6, 9, , 2
2023/11/3, 9, 9, , 2
2023/11/4, 10, 7, , 1
2023/11/5, 7, 7, , 3
2023/11/6, 13, 9, , 4
2023/11/7, 11, 10, , 3
2023/11/8, 24, 8, , 3
2023/11/9, 8, 8, , 3
2023/11/10, 9, 9, , 4
2023/11/11, 17, 14, , 5
2023/11/12, 39, 18, , 4
2023/11/13, 29, 27, , 3
2023/11/14, 26, 10, , 3
2023/11/15, 9, 9, , 5
2023/11/16, 25, 15, , 7
2023/11/17, 49, 15, , 7
2023/11/18, 40, 24, , 2
2023/11/19, 30, 15, , 4
2023/11/20, 19, 10, , 6
2023/11/21, 43, 14, , 6
2023/11/22, 48, 12, , 5
2023/11/23, 25, 12, , 
2023/11/24, 13, 11, , 
2023/11/25, 17, 12, , 5
2023/11/26, 27, 9, , 5
2023/11/27, 25, 8, , 4
2023/11/28, 19, 11, , 6
2023/11/29, 23, 15, , 9
2023/11/30, 42, 20, , 5
2023/12/1, 64, 25, , 8
2023/12/2, 76, 19, , 7
2023/12/3, 65, 13, , 9
2023/12/4, 49, 15, , 6
2023/12/5, 54, 16, , 7
2023/12/6, 53, 18, , 12
2023/12/7, 60, 14, , 8
2023/12/8, 47, 15, , 2
2023/12/9, 17, 21, , 2
2023/12/10, 16, 16, , 2
2023/12/11, 15, 15, , 7
2023/12/12, 19, 12, , 5
2023/12/13, 9, 9, , 5
2023/12/16, 29, 15, , 3
2023/12/17, 34, 20, , 6
2023/12/18, 56, 9, , 5
2023/12/19, 39, 17, , 3
2023/12/20, 20, 11, , 1
2023/12/21, 13, 11, , 1
2023/12/22, 11, 10, , 1
2023/12/23, 10, 10, , 1
2023/12/24, 8, 8, , 1
2023/12/25, 7, 11, , 1
2023/12/26, 17, 12, , 4
2023/12/27, 26, 13, , 1
2023/12/28, 13, 11, , 2
2023/12/29, 13, 15, , 3
2023/12/30, 19, 11, , 1
2023/12/31, 17, 19, , 1
2023/7/1, 12, 16, 35, 2
2023/7/2, 22, 21, 29, 2
2023/7/3, 22, 16, 31, 2
2023/7/4, 17, 10, 28, 1
2023/7/5, 11, 16, 34, 4
2023/7/6, 26, 15, 58, 5
2023/7/7, 32, 20, 73, 3
2023/7/8, 34, 39, 55, 6
2023/7/9, 55, 15, 38, 3
2023/7/10, 24, 23, 43, 4
2023/7/11, 24, 12, 30, 2
2023/7/12, 15, 14, 33, 2
2023/7/13, 18, 13, 36, 4
2023/7/14, 20, 13, 29, 2
2023/7/15, 14, 12, 27, 1
2023/7/16, 13, 10, 28, 2
2023/7/17, 23, 12, 36, 4
2023/7/18, 17, 18, 32, 6
2023/7/19, 24, 11, 33, 2
2023/7/20, 13, 16, 31, 3
2023/7/21, 19, 13, 24, 3
2023/7/22, 23, 9, 20, 1
2023/7/23, 10, 7, 26, 2
2023/7/24, 10, 9, 28, 2
2023/7/25, 9, 9, 29, 4
2023/7/26, 9, 7, 18, 3
2023/7/27, 13, 10, 20, 2
2023/7/28, 10, 9, 29, 2
2023/7/29, 7, 15, 28, 1
2023/7/30, 16, 10, 25, 1
2023/7/31, 4, 8, 24, 1
2023/8/1, 6, 11, 26, 1
2023/8/2, 13, 8, 28, 1
2023/8/3, 9, 9, 27, 1
2023/8/4, 13, 9, 24, 2
2023/8/5, 23, 9, 27, 1
2023/8/6, 19, 10, 28, 
2023/8/7, 22, 12, 27, 1
2023/8/8, 34, 7, 30, 1
2023/8/9, 15, 13, 39, 3
2023/8/10, 24, 16, 45, 3
2023/8/11, 41, 14, 31, 2
2023/8/12, 23, 14, 28, 2
2023/8/13, 23, 16, 41, 3
2023/8/14, 23, 16, 31, 3
2023/8/15, 23, 12, 32, 2
2023/8/16, 24, 12, 27, 1
2023/8/17, 21, 14, 35, 2
2023/8/18, 26, 20, 30, 4
2023/8/19, 35, 13, 33, 5
2023/8/20, 21, 15, 35, 3
2023/8/21, 22, 17, 24, 4
2023/8/22, 30, 14, 41, 3
2023/8/23, 17, 20, 34, 5
2023/8/24, 32, 18, 28, 4
2023/8/25, 34, 11, 25, 2
2023/8/26, 8, 11, 27, 2
2023/8/27, 10, 9, 32, 3
2023/8/28, 13, 16, 26, 4
2023/8/29, 22, 13, 24, 4
2023/8/30, 20, 8, 30, 3
2023/8/31, 13, 12, 13, 5
2023/9/1, 26, 14, 26, 3
2023/9/2, 42, 9, 34, 2
2023/9/3, 26, 13, 38, 3
2023/9/4, 21, 16, 44, 5
2023/9/5, 25, 16, 48, 8
2023/9/6, 29, 20, 55, 8
2023/9/7, 37, 25, 61, 9
2023/9/8, 46, 34, 62, 7
2023/9/9, 69, 34, 65, 9
2023/9/10, 65, 32, 43, 6
2023/9/11, 52, 18, 33, 4
2023/9/12, 39, 11, 26, 3
2023/9/13, 21, 14, 31, 4
2023/9/14, 26, 18, 35, 7
2023/9/15, 34, 17, 41, 5
2023/9/16, 26, 21, 34, 2
2023/9/17, 49, 13, 27, 3
2023/9/18, 14, 15, 24, 2
2023/9/19, 8, 12, 27, 2
2023/9/20, 8, 8, 25, 4
2023/9/21, 4, 10, 25, 2
2023/9/22, 15, 7, 17, 3
2023/9/23, 10, 10, 31, 3
2023/9/24, 18, 11, 29, 4
2023/9/25, 19, 20, 28, 8
2023/9/26, 37, 23, 29, 8
2023/9/27, 49, 24, 26, 4
2023/9/28, 28, 14, 22, 5
2023/9/29, 27, 15, 27, 5
2023/9/30, 37, 18, 34, 4
2023/4/1, 9, 6, 32, 1
2023/4/2, 21, 9, 35, 2
2023/4/3, 22, 17, 38, 4
2023/4/4, 39, 20, 37, 5
2023/4/5, 46, 17, 27, 7
2023/4/6, 54, 17, 28, 2
2023/4/7, 23, 12, 29, 3
2023/4/8, 40, 21, 32, 2
2023/4/9, 59, 19, 32, 2
2023/4/10, 40, 15, 37, 1
2023/4/11, 12, 14, 36, 2
2023/4/12, 12, 12, 34, 2
2023/4/13, 11, 16, 37, 4
2023/4/14, 22, 13, 34, 2
2023/4/15, 32, 18, 29, 1
2023/4/16, 51, 20, 36, 1
2023/4/17, 62, 19, 31, 2
2023/4/18, 49, 16, 43, 1
2023/4/19, 31, 15, 38, 2
2023/4/20, 35, 20, 31, 2
2023/4/21, 55, 17, 26, 4
2023/4/22, 41, 18, 33, 2
2023/4/23, 44, 10, 33, 1
2023/4/24, 18, 15, 35, 1
2023/4/25, 13, 14, 36, 3
2023/4/26, 27, 15, 40, 2
2023/4/27, 33, 15, 30, 4
2023/4/28, 33, 18, 39, 1
2023/4/29, 39, 14, 36, 2
2023/4/30, 34, 19, 32, 5
2023/5/1, 33, 14, 39, 1
2023/5/2, 23, 16, 38, 3
2023/5/3, 29, 17, 43, 3
2023/5/4, 41, 18, 30, 4
2023/5/5, 26, 12, 36, 4
2023/5/6, 33, 17, 23, 2
2023/5/7, 33, 21, 30, 4
2023/5/8, 57, 24, 21, 4
2023/5/9, 42, 18, 26, 3
2023/5/10, 41, 11, 29, 2
2023/5/11, 31, 10, 39, 2
2023/5/12, 30, 25, 48, 3
2023/5/13, 42, 31, 35, 1
2023/5/14, 39, 22, 30, 2
2023/5/15, 45, 14, 29, 1
2023/5/16, 22, 18, 32, 2
2023/5/17, 21, 22, 38, 2
2023/5/18, 30, 22, 40, 2
2023/5/19, 34, 26, 37, 2
2023/5/20, 32, 27, 40, 2
2023/5/21, 42, 35, 43, 3
2023/5/22, 46, 22, 37, 
2023/5/23, 25, 24, 32, 3
2023/5/24, 31, 20, 34, 2
2023/5/25, 37, 29, 36, 1
2023/5/26, 36, 24, 43, 2
2023/5/27, 34, 28, 42, 3
2023/5/28, 38, 23, 35, 
2023/5/29, 26, 21, 34, 1
2023/5/30, 25, 19, 39, 1
2023/5/31, 20, 20, 33, 1
2023/6/1, 18, 25, 34, 1
2023/6/2, 32, 18, 37, 1
2023/6/3, 18, 19, 40, 1
2023/6/4, 15, 18, 36, 1
2023/6/5, 17, 20, 41, 1
2023/6/6, 26, 28, 42, 1
2023/6/7, 28, 26, 46, 2
2023/6/8, 32, 18, 59, 2
2023/6/9, 31, 20, 61, 1
2023/6/10, 36, 21, 58, 3
2023/6/11, 41, 21, 60, 3
2023/6/12, 26, 22, 63, 2
2023/6/13, 32, 19, 46, 2
2023/6/14, 26, 21, 48, 3
2023/6/15, 28, 23, 48, 3
2023/6/16, 29, 24, 58, 3
2023/6/17, 30, 25, 66, 3
2023/6/18, 39, 15, 45, 1
2023/6/19, 25, 17, 52, 2
2023/6/20, 18, 15, 41, 4
2023/6/21, 23, 16, 39, 7
2023/6/22, 28, 16, 42, 3
2023/6/23, 33, 16, 55, 6
2023/6/24, 38, 19, 70, 6
2023/6/25, 40, 15, 37, 4
2023/6/26, 21, 16, 33, 4
2023/6/27, 30, 19, 25, 5
2023/6/28, 34, 19, 26, 4
2023/6/29, 43, 16, 40, 3
2023/6/30, 17, 11, 24, 1
2023/1/2, 12, 9, 25, 5
2023/1/3, 37, 11, 26, 1
2023/1/4, 16, 21, 22, 4
2023/1/5, 28, 9, 25, 3
2023/1/6, 13, 6, 23, 1
2023/1/7, 10, 7, 28, 1
2023/1/8, 5, 7, 25, 3
2023/1/9, 11, 15, 22, 4
2023/1/10, 19, 13, 27, 2
2023/2/13, 73, 27, 13, 9
2023/2/14, 70, 42, 13, 13
2023/2/15, 90, 35, 16, 9
2023/2/16, 99, 13, 22, 2
2023/2/17, 29, 16, 25, 3
2023/2/18, 29, 14, 26, 1
2023/2/19, 17, 17, 24, 3
2023/2/20, 45, 18, 18, 5
2023/2/21, 61, 30, 15, 8
2023/2/22, 73, 34, 19, 7
2023/2/23, 71, 15, 31, 4
2023/2/24, 19, 14, 31, 1
2023/2/25, 20, 16, 30, 1
2023/2/26, 28, 18, 29, 5
2023/2/27, 35, 14, 31, 6
2023/2/28, 37, 26, 29, 7
2023/3/1, 56, 27, 23, 3
2023/3/2, 64, 16, 31, 2
2023/3/3, 37, 19, 32, 2
2023/3/4, 21, 13, 31, 2
2023/3/5, 12, 9, 30, 3
2023/3/6, 32, 8, 28, 2
2023/3/7, 17, 19, 25, 5
2023/3/8, 56, 12, 21, 4
2023/3/9, 44, 4, 32, 4
2023/3/10, 12, 11, 30, 3
2023/3/11, 21, 17, 30, 4
2023/3/12, 38, 15, 29, 2
2023/3/13, 21, 9, 33, 1
2023/3/14, 17, 11, 30, 4
2023/3/15, 22, 9, 27, 4
2023/3/16, 22, 18, 23, 9
2023/3/17, 30, 17, 28, 5
2023/3/18, 33, 10, 25, 1
2023/3/19, 36, 20, 24, 4
2023/3/20, 32, 18, 24, 4
2023/3/21, 35, 11, 26, 3
2023/3/22, 17, 9, 33, 2
2023/3/23, 11, 14, 32, 2
2023/3/24, 11, 12, 32, 1
2023/3/25, 16, 22, 31, 1
2023/3/26, 26, 12, 32, 1
2023/3/27, 19, 20, 33, 5
2023/3/28, 29, 10, 29, 5
2023/3/29, 37, 20, 35, 2
2023/3/30, 20, 10, 28, 2
2023/3/31, 10, 5, 25, 2
2022/10/1, 20, 16, 24, 2
2022/10/2, 23, 15, 19, 4
2022/10/3, 29, 14, 24, 6
2022/10/4, 41, 11, 26, 3
2022/10/5, 27, 14, 22, 4
2022/10/6, 23, 16, 23, 6
2022/10/7, 36, 12, 21, 2
2022/10/8, 21, 14, 22, 5
2022/10/9, 41, 13, 13, 6
2022/10/10, 27, 19, 19, 5
2022/10/11, 37, 19, 15, 7
2022/10/12, 36, 21, 16, 7
2022/10/13, 58, 10, 12, 5
2022/10/14, 34, 14, 18, 5
2022/10/15, 40, 15, 24, 2
2022/10/16, 24, 13, 11, 6
2022/10/17, 28, 12, 21, 6
2022/10/18, 32, 14, 23, 2
2022/10/19, 45, 16, 13, 6
2022/10/22, 31, 16, 19, 6
2022/10/23, 34, 10, 30, 1
2022/10/24, 14, 14, 21, 4
2022/10/25, 22, 15, 17, 7
2022/10/26, 23, 14, 14, 7
2022/10/27, 25, 29, 16, 6
2022/10/28, 44, 27, 12, 7
2022/10/29, 44, 29, 15, 5
2022/10/30, 52, 22, 11, 8
2022/10/31, 53, 15, 26, 2
2022/11/1, 28, 13, 24, 2
2022/11/2, 19, 12, 20, 4
2022/11/3, 25, 11, 20, 5
2022/11/4, 27, 12, 15, 5
2022/11/5, 30, 8, 21, 1
2022/11/6, 21, 13, 23, 2
2022/11/7, 22, 8, 21, 2
2022/11/8, 20, 10, 24, 2
2022/11/9, 21, 13, 18, 5
2022/11/10, 27, 11, 16, 5
2022/11/11, 45, 22, 12, 9
2022/11/12, 68, 18, 15, 7
2022/11/13, 59, 23, 5, 8
2022/11/14, 74, 13, 20, 5
2022/11/15, 46, 10, 19, 5
2022/11/16, 23, 6, 25, 3
2022/11/17, 10, 13, 15, 7
2022/11/18, 20, 17, 14, 5
2022/11/19, 65, 23, 4, 8
2022/11/20, 83, 16, 9, 9
2022/11/21, 61, 8, 18, 4
2022/11/22, 21, 9, 21, 3
2022/11/23, 26, 12, 21, 5
2022/11/24, 30, 12, 18, 6
2022/11/25, 23, 16, 13, 9
2022/11/26, 46, 10, 12, 4
2022/11/27, 26, 10, 12, 7
2022/11/28, 52, 17, 11, 11
2022/11/29, 58, 14, 4, 5
2022/12/7, 25, 10, 21, 5
2022/12/8, 23, 18, 11, 7
2022/12/9, 65, 27, 6, 9
2022/12/10, 79, 19, 14, 4
2022/12/11, 61, 25, 7, 9
2022/12/12, 64, 34, 2, 13
2022/12/13, 80, 35, 5, 12
2022/12/14, 81, 41, 1, 18
2022/12/15, 95, 35, 3, 16
2022/12/16, 85, 34, 10, 10
2022/12/17, 98, 23, 15, 12
2022/12/18, 76, 14, 17, 5
2022/12/19, 39, 8, 18, 3
2022/12/20, 14, 12, 16, 8
2022/12/21, 48, 10, 15, 5
2022/12/22, 32, 9, 24, 5
2022/12/23, 35, 25, 24, 3
2022/12/27, 30, 6, 23, 1
2022/12/28, 8, 9, 27, 2
2022/12/29, 10, 8, 27, 2
2022/12/30, 8, 12, 25, 1
2022/12/31, 31, 18, 27, 1
2023/1/1, 24, 9, 24, 2
2022/7/1, 15, 13, 38, 3
2022/7/2, 25, 14, 30, 3
2022/7/3, 28, 11, 33, 3
2022/7/4, 22, 12, 31, 3
2022/7/5, 28, 10, 33, 2
2022/7/6, 15, 9, 25, 1
2022/7/7, 17, 15, 32, 2
2022/7/8, 24, 16, 24, 2
2022/7/9, 27, 11, 27, 1
2022/7/10, 18, 9, 17, 1
2022/7/11, 12, 9, 36, 3
2022/7/12, 23, 15, 45, 4
2022/7/13, 35, 13, 30, 2
2022/7/14, 23, 12, 29, 1
2022/7/15, 19, 12, 31, 1
2022/7/16, 16, 16, 35, 1
2022/7/17, 22, 19, 69, 5
2022/7/18, 38, 30, 90, 5
2022/7/19, 61, 24, 53, 3
2022/7/20, 59, 14, 28, 3
2022/7/21, 32, 10, 27, 1
2022/7/22, 15, 11, 37, 2
2022/7/23, 20, 11, 39, 3
2022/7/24, 31, 12, 29, 4
2022/7/25, 30, 13, 27, 1
2022/7/26, 17, 7, 29, 2
2022/7/27, 14, 9, 36, 1
2022/7/28, 14, 12, 42, 2
2022/7/29, 24, 13, 44, 2
2022/7/30, 29, 13, 26, 3
2022/7/31, 33, 10, 29, 1
2022/8/1, 18, 13, 34, 3
2022/8/2, 25, 22, 29, 3
2022/8/3, 26, 22, 32, 5
2022/8/4, 38, 11, 30, 
2022/8/5, 14, 11, 32, 1
2022/8/6, 22, 12, 34, 2
2022/8/7, 27, 13, 30, 1
2022/8/8, 26, 9, 32, 1
2022/8/9, 20, 9, 46, 1
2022/8/10, 27, 17, 56, 3
2022/8/11, 31, 20, 67, 3
2022/8/12, 32, 23, 55, 3
2022/8/13, 36, 21, 60, 3
2022/8/14, 42, 27, 52, 6
2022/8/15, 49, 28, 75, 5
2022/8/16, 52, 30, 36, 3
2022/8/17, 64, 16, 46, 2
2022/8/18, 28, 19, 29, 4
2022/8/19, 40, 17, 37, 3
2022/8/20, 25, 16, 33, 4
2022/8/21, 32, 20, 40, 5
2022/8/22, 30, 23, 52, 6
2022/8/23, 46, 18, 44, 4
2022/8/24, 41, 22, 61, 5
2022/8/25, 39, 11, 32, 1
2022/8/26, 19, 13, 29, 1
2022/8/27, 18, 11, 30, 1
2022/8/28, 19, 16, 33, 3
2022/8/29, 28, 10, 34, 2
2022/8/30, 20, 12, 35, 2
2022/8/31, 16, 11, 39, 2
2022/9/1, 21, 17, 44, 3
2022/9/2, 33, 21, 53, 3
2022/9/3, 29, 21, 44, 3
2022/9/4, 45, 31, 49, 6
2022/9/5, 38, 19, 46, 5
2022/9/6, 34, 15, 36, 5
2022/9/7, 27, 12, 26, 5
2022/9/8, 20, 8, 21, 4
2022/9/9, 14, 9, 25, 3
2022/9/10, 28, 10, 33, 3
2022/9/11, 31, 17, 39, 8
2022/9/12, 49, 18, 29, 7
2022/9/13, 36, 14, 28, 6
2022/9/14, 19, 10, 27, 4
2022/9/15, 17, 10, 26, 2
2022/9/16, 16, 10, 24, 1
2022/9/17, 13, 8, 19, 1
2022/9/18, 11, 13, 25, 2
2022/9/19, 17, 13, 26, 3
2022/9/20, 26, 15, 29, 4
2022/9/21, 45, 17, 31, 6
2022/9/24, 19, 9, 25, 2
2022/9/25, 17, 8, 22, 4
2022/9/26, 19, 8, 19, 2
2022/9/27, 14, 10, 20, 4
2022/9/28, 43, 14, 19, 6
2022/9/29, 46, 16, 24, 4
2022/9/30, 42, 10, 24, 1
2022/4/1, 25, 10, 34, 1
2022/4/2, 27, 12, 35, 3
2022/4/3, 22, 9, 28, 5
2022/4/4, 34, 10, 24, 3
2022/4/5, 19, 11, 27, 4
2022/4/6, 28, 7, 33, 1
2022/4/7, 17, 12, 33, 2
2022/4/8, 21, 11, 33, 1
2022/4/9, 20, 12, 36, 2
2022/4/10, 23, 14, 39, 5
2022/4/11, 44, 15, 34, 6
2022/4/12, 40, 19, 26, 7
2022/4/13, 44, 22, 32, 6
2022/4/14, 55, 10, 31, 2
2022/4/15, 31, 14, 38, 2
2022/4/16, 45, 13, 39, 3
2022/4/17, 42, 21, 43, 5
2022/4/18, 54, 16, 41, 4
2022/4/19, 38, 14, 41, 3
2022/4/20, 33, 17, 37, 3
2022/4/21, 37, 17, 37, 2
2022/4/22, 42, 20, 41, 2
2022/4/23, 53, 15, 40, 1
2022/4/24, 35, 17, 23, 3
2022/4/25, 54, 10, 38, 1
2022/4/26, 32, 14, 39, 2
2022/4/27, 36, 18, 39, 3
2022/4/28, 39, 15, 33, 1
2022/4/29, 39, 15, 34, 3
2022/4/30, 34, 17, 36, 2
2022/5/1, 46, 16, 41, 3
2022/5/2, 37, 17, 30, 4
2022/5/3, 40, 21, 37, 3
2022/5/4, 39, 29, 34, 5
2022/5/5, 62, 25, 33, 5
2022/5/6, 61, 22, 34, 4
2022/5/7, 59, 15, 40, 
2022/5/8, 31, 24, 45, 4
2022/5/9, 34, 26, 41, 5
2022/5/10, 49, 13, 38, 2
2022/5/11, 20, 13, 34, 3
2022/5/12, 20, 15, 37, 3
2022/5/13, 24, 24, 45, 3
2022/5/14, 44, 22, 49, 2
2022/5/15, 46, 26, 34, 4
2022/5/16, 41, 15, 35, 5
2022/5/17, 25, 27, 40, 5
2022/5/18, 46, 27, 35, 3
2022/5/19, 39, 13, 35, 2
2022/5/20, 43, 16, 28, 2
2022/5/21, 31, 12, 41, 2
2022/5/22, 26, 17, 30, 6
2022/5/23, 37, 9, 32, 2
2022/5/24, 26, 12, 31, 3
2022/5/25, 32, 12, 31, 2
2022/5/26, 22, 12, 34, 1
2022/5/27, 21, 14, 32, 1
2022/5/28, 21, 8, 30, 1
2022/5/29, 12, 10, 28, 2
2022/5/30, 18, 11, 34, 4
2022/5/31, 34, 10, 33, 3
2022/6/1, 29, 11, 39, 3
2022/6/2, 31, 13, 48, 2
2022/6/3, 27, 12, 43, 1
2022/6/4, 29, 17, 35, 2
2022/6/5, 38, 14, 29, 2
2022/6/6, 33, 11, 35, 2
2022/6/7, 33, 13, 19, 4
2022/6/8, 30, 15, 30, 3
2022/6/9, 19, 14, 28, 3
2022/6/10, 31, 18, 38, 2
2022/6/11, 36, 16, 34, 2
2022/6/12, 30, 17, 33, 3
2022/6/13, 30, 13, 39, 2
2022/6/14, 18, 14, 45, 2
2022/6/15, 35, 15, 47, 2
2022/6/16, 38, 27, 63, 4
2022/6/17, 47, 23, 44, 3
2022/6/18, 45, 12, 27, 
2022/6/19, 19, 11, 30, 1
2022/6/20, 19, 12, 33, 2
2022/6/21, 49, 13, 43, 2
2022/6/22, 28, 17, 53, 3
2022/6/23, 44, 19, 37, 3
2022/1/3, 28, 12, 23, 3
2022/1/4, 34, 15, 24, 2
2022/1/5, 23, 24, 22, 7
2022/1/6, 45, 12, 25, 4
2022/1/7, 28, 13, 24, 6
2022/1/8, 37, 14, 27, 2
2022/1/9, 24, 28, 5, 14
2022/1/10, 65, 19, 8, 15
2022/1/11, 60, 24, 16, 12
2022/1/12, 68, 16, 4, 17
2022/1/13, 59, 23, 9, 18
2022/1/14, 65, 16, 12, 10
2022/1/15, 61, 29, 13, 10
2022/1/16, 77, 23, 26, 3
2022/1/17, 35, 22, 17, 6
2022/1/18, 43, 28, 25, 9
2022/1/19, 65, 13, 31, 2
2022/1/20, 20, 14, 24, 5
2022/1/21, 24, 14, 24, 3
2022/1/22, 31, 14, 24, 3
2022/1/23, 46, 23, 16, 7
2022/1/24, 69, 46, 15, 5
2022/1/25, 109, 46, 12, 10
2022/1/26, 108, 17, 28, 4
2022/1/27, 46, 22, 28, 5
2022/1/28, 40, 17, 30, 3
2022/1/29, 42, 33, 30, 1
2022/1/30, 36, 17, 31, 1
2022/1/31, 30, 15, 29, 4
2022/2/1, 22, 30, 29, 3
2022/2/2, 49, 13, 21, 6
2022/2/3, 46, 11, 29, 4
2022/2/4, 32, 13, 29, 3
2022/2/5, 24, 9, 33, 1
2022/2/6, 15, 18, 33, 3
2022/2/7, 23, 13, 29, 4
2022/2/8, 24, 9, 27, 3
2022/2/9, 28, 14, 25, 5
2022/2/10, 40, 17, 30, 4
2022/2/11, 29, 20, 26, 7
2022/2/12, 51, 13, 29, 3
2022/2/13, 38, 10, 31, 2
2022/2/14, 22, 11, 27, 4
2022/2/15, 27, 8, 26, 2
2022/2/16, 16, 14, 33, 2
2022/2/17, 25, 18, 32, 3
2022/2/18, 24, 15, 31, 1
2022/2/19, 24, 10, 36, 2
2022/2/20, 20, 17, 34, 1
2022/2/21, 26, 24, 31, 4
2022/2/22, 39, 16, 31, 5
2022/2/23, 27, 11, 30, 3
2022/2/24, 21, 16, 31, 3
2022/2/25, 24, 23, 28, 6
2022/2/26, 52, 16, 28, 4
2022/2/27, 49, 16, 26, 8
2022/2/28, 48, 29, 16, 12
2022/3/1, 61, 27, 30, 9
2022/3/3, 61, 21, 27, 5
2022/3/4, 67, 30, 22, 5
2022/3/5, 78, 16, 31, 2
2022/3/6, 49, 18, 31, 5
2022/3/7, 56, 21, 31, 6
2022/3/8, 52, 31, 32, 11
2022/3/9, 76, 36, 34, 12
2022/3/10, 83, 23, 32, 6
2022/3/11, 63, 18, 32, 4
2022/3/12, 52, 19, 35, 5
2022/3/13, 56, 16, 30, 4
2022/3/14, 34, 31, 17, 11
2022/3/15, 61, 19, 28, 7
2022/3/16, 51, 15, 31, 4
2022/3/17, 38, 19, 33, 5
2022/3/18, 47, 14, 32, 2
2022/3/19, 39, 30, 32, 4
2022/3/20, 76, 43, 34, 8
2022/3/21, 92, 40, 40, 9
2022/3/22, 79, 42, 41, 8
2022/3/23, 74, 46, 42, 7
2022/3/24, 86, 49, 43, 6
2022/3/25, 98, 31, 44, 3
2022/3/26, 70, 14, 36, 1
2022/3/27, 38, 24, 28, 5
2022/3/28, 46, 26, 40, 2
2022/3/29, 68, 22, 33, 4
2022/3/30, 46, 7, 28, 4
2022/3/31, 25, 9, 32, 2
2021/12/6, 60, 22, 17, 6
2021/12/7, 32, 11, 19, 7
2021/12/8, 29, 11, 24, 5
2021/12/9, 46, 16, 15, 8
2021/12/10, 42, 14, 15, 8
2021/12/11, 61, 21, 6, 11
2021/12/12, 42, 12, 17, 5
2021/12/13, 45, 11, 15, 7
2021/12/14, 64, 18, 10, 9
2021/12/15, 74, 24, 9, 10
2021/12/16, 62, 15, 4, 13
2021/12/17, 48, 14, 19, 5
2021/12/18, 27, 7, 20, 2
2021/12/20, 62, 23, 23, 5
2021/12/21, 61, 21, 9, 7
2021/12/22, 76, 29, 2, 16
2021/12/23, 76, 29, 4, 14
2021/12/24, 34, 12, 17, 6
2021/12/25, 26, 7, 25, 2
2021/12/26, 41, 14, 20, 4
2021/12/27, 51, 16, 7, 10
2021/12/28, 27, 13, 26, 3
2021/12/29, 20, 12, 17, 5
2021/12/30, 22, 13, 21, 2
2021/12/31, 28, 11, 21, 3
2022/1/1, 48, 22, 18, 3
2022/1/2, 26, 12, 30, 2
2021/7/1, 35, 17, 29, 4
2021/7/2, 45, 17, 42, 3
2021/7/3, 47, 13, 25, 2
2021/7/4, 36, 10, 24, 3
2021/7/5, 19, 12, 26, 2
2021/7/6, 17, 12, 25, 3
2021/7/7, 23, 15, 31, 3
2021/7/8, 40, 19, 31, 5
2021/7/9, 48, 20, 35, 3
2021/7/10, 60, 20, 34, 2
2021/7/11, 55, 26, 42, 3
2021/7/12, 63, 33, 29, 3
2021/7/13, 66, 23, 33, 1
2021/7/14, 42, 15, 32, 1
2021/7/15, 27, 24, 21, 1
2021/7/16, 35, 16, 26, 
2021/7/17, 27, 10, 24, 1
2021/7/18, 20, 15, 27, 2
2021/7/19, 28, 14, 32, 2
2021/7/20, 34, 19, 43, 3
2021/7/21, 42, 16, 33, 2
2021/7/22, 34, 15, 25, 2
2021/7/23, 26, 23, 29, 3
2021/7/24, 50, 26, 39, 2
2021/7/25, 48, 14, 33, 3
2021/7/26, 25, 24, 30, 3
2021/7/27, 48, 10, 25, 2
2021/7/28, 27, 14, 27, 1
2021/7/29, 21, 14, 27, 3
2021/7/30, 29, 9, 32, 1
2021/7/31, 16, 15, 24, 2
2021/8/1, 33, 11, 28, 2
2021/8/2, 14, 12, 24, 2
2021/8/3, 17, 11, 32, 2
2021/8/4, 26, 18, 45, 3
2021/8/5, 46, 12, 23, 2
2021/8/6, 24, 8, 25, 1
2021/8/7, 14, 11, 25, 1
2021/8/8, 17, 11, 24, 1
2021/8/9, 16, 13, 27, 2
2021/8/10, 19, 12, 37, 3
2021/8/11, 26, 19, 40, 4
2021/8/12, 42, 17, 25, 3
2021/8/13, 34, 19, 27, 4
2021/8/14, 35, 11, 31, 3
2021/8/15, 26, 15, 28, 1
2021/8/16, 19, 12, 23, 2
2021/8/17, 17, 9, 24, 2
2021/8/18, 13, 16, 21, 3
2021/8/19, 29, 15, 25, 4
2021/8/20, 31, 14, 31, 3
2021/8/21, 32, 15, 23, 2
2021/8/22, 32, 12, 30, 1
2021/8/23, 23, 12, 33, 2
2021/8/24, 28, 12, 31, 2
2021/8/25, 33, 12, 24, 1
2021/8/26, 17, 10, 26, 1
2021/8/27, 16, 9, 24, 
2021/8/28, 15, 9, 24, 
2021/8/29, 17, 13, 31, 1
2021/8/30, 25, 14, 29, 1
2021/8/31, 33, 17, 29, 2
2021/9/1, 36, 14, 33, 2
2021/9/2, 33, 19, 36, 3
2021/9/3, 45, 17, 34, 1
2021/9/4, 38, 17, 38, 2
2021/9/5, 38, 23, 38, 4
2021/9/6, 52, 27, 48, 5
2021/9/7, 60, 22, 54, 5
2021/9/8, 52, 26, 44, 7
2021/9/9, 50, 23, 18, 6
2021/9/10, 31, 13, 19, 3
2021/9/11, 29, 14, 25, 3
2021/9/12, 34, 12, 27, 3
2021/9/13, 24, 16, 29, 4
2021/9/14, 29, 18, 30, 5
2021/9/15, 38, 10, 32, 2
2021/9/16, 18, 25, 28, 6
2021/9/17, 63, 13, 32, 2
2021/9/18, 37, 12, 23, 2
2021/9/19, 33, 11, 27, 3
2021/9/20, 26, 15, 29, 4
2021/9/21, 38, 20, 30, 6
2021/9/22, 53, 23, 26, 6
2021/9/23, 56, 21, 28, 3
2021/9/24, 29, 20, 19, 6
2021/9/25, 37, 17, 32, 4
2021/9/26, 48, 15, 24, 3
2021/9/27, 22, 16, 29, 5
2021/9/28, 29, 8, 23, 3
2021/4/1, 84, 14, 32, 2
2021/4/2, 23, 26, 38, 1
2021/4/3, 37, 16, 34, 1
2021/4/4, 31, 15, 31, 1
2021/4/5, 32, 10, 31, 1
2021/4/6, 19, 9, 30, 1
2021/4/7, 21, 14, 29, 4
2021/4/8, 36, 18, 31, 5
2021/4/9, 51, 12, 26, 2
2021/4/10, 33, 8, 34, 1
2021/4/11, 16, 9, 33, 3
2021/4/12, 20, 11, 35, 3
2021/4/13, 25, 17, 33, 4
2021/4/14, 40, 10, 34, 3
2021/4/15, 28, 11, 36, 3
2021/4/16, 28, 13, 35, 2
2021/4/17, 32, 19, 35, 3
2021/4/18, 49, 24, 31, 6
2021/4/19, 52, 25, 39, 4
2021/4/20, 64, 27, 36, 4
2021/4/21, 63, 22, 34, 3
2021/4/22, 29, 20, 38, 4
2021/4/23, 40, 12, 36, 2
2021/4/24, 22, 13, 34, 
2021/4/25, 24, 14, 37, 2
2021/4/26, 22, 13, 40, 2
2021/4/27, 31, 22, 42, 4
2021/4/28, 49, 18, 37, 3
2021/4/29, 55, 24, 29, 3
2021/4/30, 58, 16, 38, 2
2021/5/1, 42, 13, 34, 1
2021/5/2, 22, 14, 39, 5
2021/5/3, 46, 9, 36, 1
2021/5/4, 23, 13, 31, 1
2021/5/5, 20, 12, 29, 4
2021/5/6, 36, 9, 32, 3
2021/5/7, 32, 11, 30, 4
2021/5/8, 40, 11, 36, 2
2021/5/9, 25, 14, 30, 3
2021/5/10, 29, 20, 21, 6
2021/5/11, 47, 17, 34, 4
2021/5/12, 36, 11, 40, 2
2021/5/13, 34, 13, 33, 2
2021/5/14, 42, 14, 31, 2
2021/5/15, 36, 15, 29, 2
2021/5/16, 31, 10, 31, 2
2021/5/17, 23, 14, 33, 3
2021/5/18, 36, 13, 30, 4
2021/5/19, 33, 12, 34, 3
2021/5/20, 50, 16, 33, 1
2021/5/21, 25, 9, 30, 1
2021/5/22, 17, 16, 37, 2
2021/5/23, 39, 6, 34, 1
2021/5/24, 17, 8, 29, 3
2021/5/25, 21, 9, 33, 2
2021/5/26, 27, 11, 29, 1
2021/5/27, 27, 10, 32, 1
2021/5/28, 21, 12, 36, 1
2021/5/29, 30, 13, 36, 1
2021/5/30, 32, 17, 40, 3
2021/5/31, 33, 15, 49, 4
2021/6/1, 27, 24, 64, 4
2021/6/2, 46, 26, 41, 4
2021/6/3, 47, 28, 47, 3
2021/6/4, 64, 33, 36, 3
2021/6/5, 80, 15, 39, 
2021/6/6, 42, 11, 41, 2
2021/6/7, 24, 14, 43, 2
2021/6/8, 32, 25, 60, 5
2021/6/9, 58, 18, 52, 5
2021/6/10, 38, 18, 32, 4
2021/6/11, 42, 15, 29, 2
2021/6/12, 29, 17, 34, 1
2021/6/13, 32, 23, 65, 5
2021/6/14, 44, 13, 36, 1
2021/6/15, 27, 23, 72, 4
2021/6/16, 44, 37, 65, 5
2021/6/17, 66, 32, 51, 3
2021/6/18, 59, 15, 24, 3
2021/6/19, 38, 13, 39, 2
2021/6/20, 35, 9, 29, 1
2021/6/21, 15, 16, 29, 1
2021/6/22, 34, 16, 29, 1
2021/6/23, 29, 14, 32, 2
2021/6/24, 27, 17, 22, 5
2021/6/25, 52, 20, 46, 3
2021/6/26, 59, 21, 42, 2
2021/6/27, 53, 20, 36, 3
2021/6/28, 45, 24, 22, 3
2021/6/29, 37, 10, 22, 1
2021/6/30, 16, 18, 25, 1
2021/1/4, 24, 8, 12, 3
2021/1/5, 37, 10, 11, 4
2021/1/6, 34, 5, 15, 4
2021/1/7, 22, 9, 8, 5
2021/1/8, 21, 21, 14, 11
2021/1/9, 58, 16, 19, 7
2021/1/10, 52, 19, 21, 7
2021/1/11, 61, 9, 27, 3
2021/1/12, 19, 13, 22, 4
2021/1/13, 20, 13, 16, 5
2021/1/14, 28, 16, 11, 7
2021/1/15, 48, 18, 14, 12
2021/1/16, 57, 15, 21, 4
2021/1/17, 49, 15, 18, 7
2021/1/18, 37, 9, 24, 3
2021/1/19, 30, 9, 24, 3
2021/1/20, 34, 8, 28, 2
2021/1/21, 19, 11, 23, 8
2021/1/22, 35, 20, 20, 8
2021/1/23, 63, 15, 23, 4
2021/1/24, 46, 20, 20, 8
2021/1/25, 57, 10, 25, 6
2021/1/26, 27, 13, 21, 8
2021/1/27, 43, 10, 16, 5
2021/1/28, 30, 12, 24, 6
2021/1/29, 32, 9, 21, 3
2021/1/30, 39, 15, 15, 4
2021/1/31, 62, 23, 13, 7
2021/2/1, 72, 23, 20, 10
2021/2/2, 68, 12, 21, 6
2021/2/3, 25, 19, 16, 8
2021/2/4, 45, 23, 11, 11
2021/2/5, 64, 21, 21, 7
2021/2/6, 73, 11, 27, 1
2021/2/7, 50, 12, 28, 3
2021/2/8, 44, 11, 27, 5
2021/2/9, 44, 12, 27, 5
2021/2/10, 40, 18, 29, 9
2021/2/11, 61, 24, 27, 8
2021/2/12, 74, 15, 31, 5
2021/2/13, 57, 9, 28, 6
2021/2/14, 43, 13, 21, 8
2021/2/15, 45, 14, 20, 7
2021/2/16, 48, 17, 26, 4
2021/2/17, 39, 11, 27, 5
2021/2/18, 27, 11, 25, 5
2021/2/19, 30, 23, 25, 4
2021/2/20, 43, 24, 27, 4
2021/2/21, 50, 23, 22, 10
2021/2/22, 47, 39, 24, 5
2021/2/23, 59, 30, 27, 4
2021/2/24, 49, 43, 26, 5
2021/2/25, 60, 20, 28, 4
2021/2/26, 41, 22, 24, 3
2021/2/27, 52, 15, 29, 2
2021/2/28, 50, 17, 22, 4
2021/3/1, 60, 30, 19, 9
2021/3/2, 74, 46, 12, 13
2021/3/3, 106, 25, 33, 2
2021/3/4, 60, 13, 31, 3
2021/3/5, 30, 18, 32, 4
2021/3/6, 47, 22, 31, 2
2021/3/7, 59, 34, 25, 6
2021/3/8, 77, 18, 22, 4
2021/3/9, 45, 21, 29, 6
2021/3/10, 66, 13, 30, 1
2021/3/11, 35, 15, 30, 3
2021/3/12, 27, 11, 32, 1
2021/3/13, 23, 12, 29, 1
2021/3/14, 24, 13, 31, 1
2021/3/15, 25, 13, 30, 2
2021/3/16, 17, 12, 29, 2
2021/3/17, 38, 17, 29, 5
2021/3/18, 42, 11, 30, 4
2021/3/19, 35, 11, 28, 3
2021/3/20, 43, 18, 34, 
2021/3/21, 26, 14, 33, 3
2021/3/22, 17, 36, 20, 8
2021/3/23, 78, 46, 32, 9
2021/3/24, 104, 36, 27, 7
2021/3/25, 85, 19, 33, 5
2021/3/26, 48, 14, 31, 2
2021/3/27, 26, 15, 32, 2
2021/3/28, 31, 17, 34, 5
2021/3/29, 38, 25, 41, 9
2021/3/30, 59, 37, 43, 10
2021/3/31, 80, 38, 31, 7
2020/10/1, 31, 11, 18, 5
2020/10/2, 27, 18, 18, 3
2020/10/3, 47, 6, 23, 2
2020/10/4, 12, 6, 19, 3
2020/10/5, 10, 9, 17, 3
2020/10/6, 16, 10, 19, 3
2020/10/7, 11, 9, 23, 4
2020/10/8, 28, 10, 19, 5
2020/10/12, 12, 15, 13, 9
2020/10/13, 31, 11, 20, 3
2020/10/14, 23, 9, 19, 2
2020/10/15, 12, 13, 19, 4
2020/10/16, 25, 23, 15, 4
2020/10/17, 59, 17, 19, 4
2020/10/18, 48, 18, 14, 7
2020/10/19, 40, 16, 16, 8
2020/10/20, 37, 12, 26, 3
2020/10/21, 16, 11, 22, 4
2020/10/22, 13, 18, 15, 9
2020/10/23, 45, 6, 19, 2
2020/10/24, 14, 7, 25, 1
2020/10/25, 8, 8, 21, 3
2020/10/26, 13, 8, 21, 3
2020/10/27, 17, 8, 20, 4
2020/10/28, 11, 12, 19, 5
2020/10/29, 16, 10, 21, 3
2020/10/30, 16, 9, 27, 3
2020/10/31, 24, 19, 22, 1
2020/11/1, 22, 8, 26, 
2020/11/3, 15, 17, 17, 7
2020/11/4, 42, 16, 14, 8
2020/11/5, 37, 29, 14, 9
2020/11/6, 72, 19, 7, 10
2020/11/7, 57, 24, 3, 9
2020/11/8, 66, 24, 6, 13
2020/11/9, 55, 33, 2, 9
2020/11/10, 79, 28, 11, 10
2020/11/11, 71, 11, 22, 7
2020/11/12, 31, 15, 12, 8
2020/11/13, 33, 15, 18, 5
2020/11/14, 45, 10, 26, 1
2020/11/15, 21, 10, 25, 4
2020/11/16, 18, 11, 21, 4
2020/11/17, 26, 13, 20, 4
2020/11/18, 22, 15, 24, 3
2020/11/19, 23, 14, 18, 8
2020/11/20, 28, 13, 16, 5
2020/11/21, 40, 12, 21, 2
2020/11/22, 26, 16, 15, 10
2020/11/23, 35, 15, 11, 10
2020/11/24, 51, 18, 7, 11
2020/11/25, 58, 34, 6, 11
2020/11/26, 77, 25, 21, 9
2020/11/27, 65, 20, 9, 9
2020/11/28, 67, 23, 13, 4
2020/11/29, 66, 33, 1, 11
2020/11/30, 86, 11, 23, 4
2020/12/1, 17, 13, , 9
2020/12/2, 50, 15, 10, 8
2020/12/3, 44, 6, 20, 5
2020/12/4, 20, 15, 14, 7
2020/12/5, 51, 23, 7, 6
2020/12/6, 72, 18, 10, 12
2020/12/7, 61, 19, 1, 11
2020/12/8, 67, 24, 6, 10
2020/12/9, 73, 27, 3, 13
2020/12/10, 74, 15, 5, 12
2020/12/11, 52, 16, 1, 13
2020/12/12, 54, 16, 20, 7
2020/12/13, 47, 6, 18, 4
2020/12/14, 15, 12, 7, 10
2020/12/15, 36, 11, 7, 12
2020/12/16, 40, 10, 15, 6
2020/12/17, 27, 9, 16, 5
2020/12/18, 23, 9, 17, 5
2020/12/19, 37, 13, 18, 3
2020/12/20, 30, 9, 17, 4
2020/12/21, 23, 9, 22, 4
2020/12/22, 20, 9, 25, 7
2020/12/23, 33, 7, 24, 2
2020/12/24, 18, 11, 27, 1
2020/12/25, 18, 9, 19, 5
2020/12/26, 37, 7, 25, 1
2020/12/27, 15, 9, 19, 6
2020/12/28, 31, 11, 15, 6
2020/12/29, 53, 15, 16, 9
2020/12/30, 52, 32, 16, 6
2020/12/31, 83, 60, 8, 7
2021/1/1, 126, 29, 6, 9
2021/1/2, 83, 16, 14, 4
2021/1/3, 63, 6, 15, 2
2020/7/1, 14, 9, 25, 3
2020/7/2, 20, 14, 28, 3
2020/7/3, 28, 8, 20, 2
2020/7/4, 18, 9, 27, 
2020/7/5, 10, 15, 22, 1
2020/7/6, 24, 13, 25, 3
2020/7/7, 20, 11, 11, 4
2020/7/8, 27, 8, 8, 3
2020/7/9, 20, 7, 24, 3
2020/7/10, 13, 10, 26, 2
2020/7/11, 16, 8, 26, 1
2020/7/12, 24, 10, 42, 3
2020/7/13, 23, 15, 19, 7
2020/7/14, 43, 9, 28, 2
2020/7/15, 18, 9, 18, 2
2020/7/16, 24, 15, 17, 3
2020/7/17, 27, 19, 35, 4
2020/7/18, 50, 15, 29, 3
2020/7/19, 46, 11, 24, 1
2020/7/20, 14, 11, 29, 3
2020/7/21, 16, 11, 26, 2
2020/7/22, 16, 19, 43, 5
2020/7/23, 32, 12, 23, 5
2020/7/24, 34, 10, 18, 4
2020/7/25, 27, 8, 23, 2
2020/7/26, 16, 11, 21, 6
2020/7/27, 22, 10, 23, 2
2020/7/28, 18, 11, 25, 2
2020/7/29, 16, 15, 41, 6
2020/7/30, 26, 18, 42, 5
2020/7/31, 33, 17, 25, 4
2020/8/1, 40, 11, 27, 3
2020/8/2, 26, 12, 24, 4
2020/8/3, 26, 9, 32, 3
2020/8/4, 17, 14, 44, 4
2020/8/5, 27, 20, 65, 6
2020/8/6, 43, 26, 76, 6
2020/8/7, 49, 29, 67, 5
2020/8/8, 61, 29, 69, 3
2020/8/9, 60, 21, 62, 4
2020/8/10, 49, 25, 65, 5
2020/8/11, 59, 26, 74, 7
2020/8/12, 52, 20, 58, 6
2020/8/13, 47, 19, 45, 5
2020/8/14, 47, 23, 45, 4
2020/8/15, 65, 16, 49, 4
2020/8/16, 40, 13, 34, 5
2020/8/17, 34, 10, 31, 5
2020/8/18, 30, 10, 38, 6
2020/8/19, 26, 9, 31, 4
2020/8/20, 15, 14, 38, 4
2020/8/21, 22, 14, 25, 3
2020/8/22, 22, 11, 23, 2
2020/8/23, 22, 11, 24, 4
2020/8/24, 19, 10, 23, 5
2020/8/25, 19, 10, 22, 1
2020/8/26, 16, 16, 21, 5
2020/8/27, 34, 13, 20, 3
2020/8/28, 28, 10, 23, 4
2020/8/29, 23, 8, 23, 2
2020/8/30, 16, 12, 27, 2
2020/8/31, 16, 10, 29, 3
2020/9/1, 23, 10, 35, 3
2020/9/2, 32, 16, 21, 6
2020/9/3, 43, 12, 24, 2
2020/9/4, 19, 10, 22, 2
2020/9/5, 29, 8, 22, 2
2020/9/6, 27, 12, 27, 4
2020/9/7, 32, 16, 13, 7
2020/9/8, 40, 12, 15, 4
2020/9/9, 32, 12, 28, 4
2020/9/10, 13, 17, 27, 6
2020/9/11, 37, 14, 20, 5
2020/9/12, 28, 11, 24, 5
2020/9/13, 36, 18, 46, 8
2020/9/14, 44, 31, 53, 11
2020/9/15, 57, 24, 39, 6
2020/9/17, 14, 13, 31, 4
2020/9/18, 21, 18, 34, 4
2020/9/19, 25, 18, 36, 3
2020/9/20, 39, 30, 43, 7
2020/9/21, 52, 39, 42, 8
2020/9/22, 78, 35, 29, 8
2020/9/23, 74, 10, 25, 2
2020/9/24, 13, 6, 22, 2
2020/9/25, 10, 10, 22, 2
2020/9/26, 29, 8, 20, 1
2020/9/27, 15, 10, 7, 6
2020/9/28, 28, 12, 16, 7
2020/9/29, 21, 16, 16, 8
2020/9/30, 38, 13, 16, 7
2020/4/1, 42, 16, 26, 6
2020/4/2, 44, 18, 29, 4
2020/4/3, 42, 19, 32, 6
2020/4/4, 37, 17, 37, 3
2020/4/5, 42, 21, 35, 5
2020/4/6, 45, 19, 38, 4
2020/4/7, 41, 27, 40, 6
2020/4/8, 54, 30, 38, 5
2020/4/9, 59, 15, 29, 2
2020/4/10, 21, 22, 34, 4
2020/4/11, 29, 26, 38, 4
2020/4/12, 60, 18, 30, 
2020/4/13, 37, 16, 32, 2
2020/4/14, 17, 29, 32, 6
2020/4/15, 51, 32, 35, 8
2020/4/16, 65, 16, 31, 2
2020/4/17, 29, 26, 21, 4
2020/4/18, 53, 13, 35, 2
2020/4/19, 28, 16, 33, 2
2020/4/20, 20, 20, 35, 2
2020/4/21, 27, 21, 39, 2
2020/4/22, 41, 25, 44, 4
2020/4/23, 39, 30, 37, 5
2020/4/24, 56, 15, 33, 1
2020/4/25, 22, 20, 36, 2
2020/4/26, 30, 21, 43, 4
2020/4/27, 46, 22, 24, 4
2020/4/28, 59, 13, 25, 4
2020/4/29, 47, 6, 29, 2
2020/4/30, 15, 10, 27, 2
2020/5/1, 22, 12, 28, 2
2020/5/2, 31, 17, 29, 3
2020/5/3, 50, 11, 31, 2
2020/5/4, 37, 12, 35, 2
2020/5/5, 32, 12, 36, 3
2020/5/6, 28, 19, 42, 6
2020/5/7, 52, 24, 45, 6
2020/5/8, 60, 20, 38, 6
2020/5/9, 38, 27, 35, 4
2020/5/10, 56, 18, 27, 1
2020/5/11, 18, 12, 29, 3
2020/5/12, 21, 11, 29, 2
2020/5/13, 24, 12, 30, 2
2020/5/14, 19, 13, 29, 3
2020/5/15, 27, 14, 32, 4
2020/5/16, 38, 13, 32, 3
2020/5/17, 37, 17, 31, 4
2020/5/18, 40, 23, 30, 5
2020/5/19, 35, 16, 29, 4
2020/5/20, 34, 17, 40, 4
2020/5/21, 35, 17, 31, 5
2020/5/22, 41, 26, 30, 1
2020/5/23, 30, 22, 21, 2
2020/5/24, 38, 13, 28, 2
2020/5/25, 28, 14, 37, 4
2020/5/26, 39, 24, 30, 6
2020/5/27, 52, 12, 31, 1
2020/5/28, 23, 16, 40, 3
2020/5/29, 34, 12, 41, 2
2020/5/30, 29, 9, 32, 1
2020/5/31, 18, 15, 37, 3
2020/6/1, 21, 29, 48, 7
2020/6/2, 45, 25, 36, 4
2020/6/3, 53, 13, 30, 1
2020/6/4, 28, 10, 22, 3
2020/6/5, 16, 10, 28, 2
2020/6/6, 19, 13, 25, 2
2020/6/7, 17, 8, 24, 3
2020/6/8, 19, 15, 26, 1
2020/6/9, 25, 13, 26, 5
2020/6/10, 35, 13, 32, 3
2020/6/11, 34, 15, 39, 4
2020/6/12, 37, 14, 42, 2
2020/6/13, 24, 35, 31, 4
2020/6/14, 69, 16, 34, 5
2020/6/15, 37, 20, 33, 7
2020/6/16, 43, 12, 37, 4
2020/6/17, 34, 11, 41, 3
2020/6/18, 27, 13, 36, 3
2020/6/19, 32, 14, 29, 3
2020/6/20, 25, 12, 33, 4
2020/6/21, 28, 18, 34, 3
2020/6/22, 29, 17, 52, 5
2020/6/23, 45, 17, 46, 4
2020/6/24, 36, 19, 42, 2
2020/6/25, 36, 16, 60, 4
2020/6/26, 38, 15, 32, 3
2020/6/27, 32, 11, 32, 1
2020/6/28, 13, 15, 28, 2
2020/6/29, 21, 13, 22, 2
2020/6/30, 20, 6, 24, 2
2020/1/1, 141, 16, 10, 8
2020/1/2, 59, 12, 24, 4
2020/1/3, 28, 18, 21, 4
2020/1/4, 29, 11, 24, 6
2020/1/5, 42, 13, 19, 8
2020/1/6, 49, 19, 18, 9
2020/1/7, 54, 10, 15, 6
2020/1/8, 25, 10, 15, 6
2020/1/9, 27, 11, 23, 5
2020/1/10, 23, 14, 20, 8
2020/1/11, 46, 10, 23, 3
2020/1/12, 26, 15, 19, 5
2020/1/13, 32, 5, 22, 3
2020/1/14, 12, 7, 23, 4
2020/1/15, 18, 11, 17, 9
2020/1/16, 37, 9, 25, 5
2020/1/17, 24, 11, 23, 6
2020/1/18, 24, 20, 25, 3
2020/1/19, 32, 19, 1, 13
2020/1/20, 56, 17, 2, 17
2020/1/21, 62, 19, , 18
2020/1/22, 62, 25, 2, 17
2020/1/23, 76, 24, 3, 16
2020/1/24, 65, 30, 8, 10
2020/1/25, 74, 23, 16, 9
2020/1/26, 63, 10, 18, 5
2020/1/27, 33, 6, 27, 4
2020/1/28, 12, 14, 24, 5
2020/1/29, 26, 13, 22, 6
2020/1/30, 28, 9, 19, 4
2020/1/31, 24, 11, 26, 3
2020/2/1, 21, 18, 24, 4
2020/2/2, 26, 24, 24, 4
2020/2/3, 39, 11, 25, 5
2020/2/4, 23, 19, 20, 7
2020/2/5, 28, 22, 13, 13
2020/2/6, 60, 27, 13, 22
2020/2/7, 76, 20, 14, 
2020/2/8, 57, 9, 16, 
2020/2/9, 29, 21, , 
2020/2/10, 29, 17, 31, 2
2020/2/11, 26, 14, 28, 4
2020/2/12, 21, 11, 21, 6
2020/2/13, 22, 12, 19, 6
2020/2/14, 29, 17, 25, 3
2020/2/15, 29, 7, 33, 1
2020/2/16, 15, 16, 30, 2
2020/2/17, 24, 16, 27, 3
2020/2/18, 20, 14, 26, 2
2020/2/19, 22, 9, 28, 2
2020/2/20, 24, 17, 24, 3
2020/2/21, 30, 14, 27, 2
2020/2/22, 28, 11, 27, 2
2020/2/23, 15, 13, 26, 4
2020/2/24, 14, 9, 27, 3
2020/2/25, 17, 8, 26, 4
2020/2/26, 17, 10, 26, 6
2020/2/27, 28, 11, 26, 6
2020/2/28, 24, 26, 30, 2
2020/2/29, 37, 11, 28, 2
2020/3/1, 21, 10, 20, 6
2020/3/2, 19, 10, 25, 5
2020/3/3, 33, 17, 23, 9
2020/3/4, 50, 15, 17, 7
2020/3/5, 49, 15, 27, 2
2020/3/6, 53, 16, 27, 4
2020/3/7, 46, 9, 24, 2
2020/3/8, 36, 13, 23, 4
2020/3/9, 23, 10, 25, 3
2020/3/11, 11, 10, 31, 2
2020/3/12, 15, 13, 26, 4
2020/3/13, 16, 11, 28, 4
2020/3/14, 36, 11, 27, 2
2020/3/15, 24, 17, 25, 6
2020/3/16, 39, 18, 27, 8
2020/3/17, 47, 13, 25, 6
2020/3/18, 38, 13, 21, 3
2020/3/19, 37, 11, 27, 2
2020/3/20, 24, 10, 26, 1
2020/3/21, 23, 9, 30, 1
2020/3/22, 21, 11, 27, 3
2020/3/23, 37, 18, 28, 7
2020/3/24, 52, 20, 35, 5
2020/3/25, 56, 28, 35, 4
2020/3/26, 70, 39, 35, 3
2020/3/27, 85, 31, 34, 2
2020/3/28, 71, 18, 27, 
2020/3/29, 26, , , 
2019/10/1, 14, 8, 24, 3
2019/10/2, 4, 10, 20, 5
2019/10/3, 16, 11, 15, 8
2019/10/4, 25, 11, 21, 3
2019/10/5, 30, 9, 17, 3
2019/10/6, 35, 13, 12, 7
2019/10/7, 45, 15, 16, 5
2019/10/8, 27, 11, 22, 4
2019/10/9, 14, 12, 19, 5
2019/10/10, 24, 10, 18, 4
2019/10/11, 20, 10, 25, 4
2019/10/12, 16, 15, 25, 3
2019/10/13, 27, 28, 22, 6
2019/10/14, 29, 15, 16, 7
2019/10/15, 29, 8, 16, 5
2019/10/16, 22, 9, 19, 4
2019/10/17, 24, 8, 27, 4
2019/10/18, 16, 10, 22, 3
2019/10/19, 11, 16, 10, 5
2019/10/20, 44, 7, 16, 4
2019/10/21, 22, 15, 18, 5
2019/10/22, 36, 20, 9, 7
2019/10/23, 56, 20, 20, 8
2019/10/24, 43, 9, 21, 4
2019/10/25, 18, 7, 23, 2
2019/10/26, 14, 12, 24, 3
2019/10/27, 24, 17, 19, 7
2019/10/28, 39, 16, 26, 7
2019/10/29, 42, 18, 18, 7
2019/10/30, 59, 22, 13, 9
2019/10/31, 72, 19, 5, 11
2019/11/1, 57, 8, 25, 2
2019/11/2, 16, 8, 18, 4
2019/11/3, 18, 10, 16, 7
2019/11/4, 24, 14, 12, 10
2019/11/5, 36, 13, 20, 7
2019/11/6, 29, 13, 15, 9
2019/11/7, 36, 15, 15, 7
2019/11/8, 29, 19, 18, 9
2019/11/9, 49, 20, 14, 7
2019/11/10, 58, 15, 17, 8
2019/11/11, 38, 8, 22, 5
2019/11/12, 19, 9, 19, 8
2019/11/14, 40, 25, 11, 9
2019/11/15, 74, 21, 8, 11
2019/11/16, 57, 22, 9, 9
2019/11/17, 62, 7, 26, 3
2019/11/18, 18, 10, 25, 7
2019/11/19, 23, 26, 9, 12
2019/11/20, 74, 24, 12, 8
2019/11/21, 71, 18, 9, 14
2019/11/22, 57, 17, 8, 7
2019/11/23, 60, 28, 5, 8
2019/11/24, 78, 18, 5, 13
2019/11/25, 59, 10, 15, 10
2019/11/26, 31, 7, 21, 6
2019/11/27, 18, 7, 21, 4
2019/11/28, 15, 17, 25, 6
2019/11/29, 18, 22, 11, 9
2019/11/30, 60, 24, 11, 8
2019/12/1, 75, 16, 16, 11
2019/12/2, 48, 20, 12, 13
2019/12/3, 56, 19, 3, 17
2019/12/4, 66, 29, 3, 16
2019/12/5, 80, 12, 14, 9
2019/12/6, 46, 12, 21, 6
2019/12/7, 18, 13, 28, 3
2019/12/8, 25, 12, 27, 4
2019/12/9, 21, 16, 24, 7
2019/12/10, 34, 14, 19, 9
2019/12/11, 39, 11, 20, 8
2019/12/12, 38, 10, 20, 9
2019/12/13, 27, 13, 29, 4
2019/12/14, 25, 15, 29, 3
2019/12/15, 24, 12, 21, 11
2019/12/16, 28, 12, 18, 10
2019/12/17, 31, 11, 21, 10
2019/12/18, 40, 18, 13, 11
2019/12/19, 35, 10, 22, 9
2019/12/20, 18, 9, 22, 4
2019/12/21, 17, 9, 20, 5
2019/12/22, 19, 12, 18, 7
2019/12/23, 21, 17, 24, 5
2019/12/24, 23, 13, 22, 3
2019/12/25, 24, 20, 8, 8
2019/12/26, 57, 16, 14, 9
2019/12/27, 55, 25, 6, 10
2019/12/28, 68, 21, 5, 15
2019/12/29, 67, , , 
2019/7/1, 24, 12, 29, 2
2019/7/2, 14, 13, 30, 3
2019/7/3, 20, 18, 33, 4
2019/7/4, 25, 22, 39, 4
2019/7/5, 30, 18, 28, 5
2019/7/6, 38, 12, 27, 2
2019/7/7, 15, 10, 25, 2
2019/7/8, 13, 9, 31, 2
2019/7/9, 15, 14, 24, 5
2019/7/10, 21, 23, 34, 8
2019/7/11, 59, 20, 26, 6
2019/7/12, 39, 15, 27, 2
2019/7/13, 21, 9, 26, 2
2019/7/14, 13, 9, 24, 3
2019/7/15, 15, 9, 18, 4
2019/7/16, 18, 10, 25, 4
2019/7/17, 26, 25, 35, 8
2019/7/18, 54, 16, 37, 5
2019/7/19, 32, 21, 28, 5
2019/7/20, 25, 10, 27, 2
2019/7/21, 13, 10, 28, 6
2019/7/22, 19, 19, 64, 6
2019/7/23, 36, 31, 86, 6
2019/7/24, 50, 39, 102, 7
2019/7/25, 74, 28, 81, 3
2019/7/26, 54, 25, 57, 4
2019/7/27, 50, 21, 35, 3
2019/7/28, 62, 14, 40, 4
2019/7/29, 26, 15, 46, 4
2019/7/30, 27, 13, 25, 3
2019/7/31, 22, 13, 29, 4
2019/8/1, 30, 15, 26, 5
2019/8/2, 33, 11, 27, 3
2019/8/3, 20, 16, 38, 3
2019/8/4, 30, 17, 30, 5
2019/8/5, 40, 14, 32, 4
2019/8/6, 28, 12, 28, 4
2019/8/7, 23, 13, 32, 4
2019/8/8, 19, 16, 21, 8
2019/8/9, 44, 12, 29, 1
2019/8/10, 19, 13, 29, 2
2019/8/11, 25, 13, 27, 4
2019/8/12, 21, 9, 23, 3
2019/8/13, 16, 9, 33, 4
2019/8/14, 20, 8, 21, 2
2019/8/15, 14, 13, 27, 4
2019/8/16, 28, 9, 16, 3
2019/8/17, 14, 19, 25, 3
2019/8/18, 17, 15, 27, 3
2019/8/19, 25, 13, 31, 4
2019/8/20, 26, 14, 43, 5
2019/8/21, 38, 19, 44, 6
2019/8/22, 56, 21, 49, 6
2019/8/23, 50, 22, 62, 5
2019/8/24, 51, 25, 66, 5
2019/8/25, 58, 29, 64, 6
2019/8/26, 68, 38, 62, 7
2019/8/27, 74, 37, 52, 9
2019/8/28, 78, 20, 27, 4
2019/8/29, 44, 11, 33, 6
2019/8/30, 38, , 45, 6
2019/8/31, 48, , 27, 2
2019/9/1, 18, 17, 28, 4
2019/9/2, 18, 16, 20, 7
2019/9/3, 29, 12, 21, 6
2019/9/4, 25, 12, 26, 3
2019/9/5, 15, 14, 27, 7
2019/9/6, 30, 10, 22, 2
2019/9/7, 20, 6, 30, 1
2019/9/8, 15, 14, 27, 5
2019/9/9, 23, 12, 27, 7
2019/9/10, 40, 9, 15, 8
2019/9/11, 43, 10, 23, 4
2019/9/12, 34, 9, 26, 3
2019/9/13, 22, 12, 31, 4
2019/9/14, 25, 12, 29, 5
2019/9/15, 34, 10, 20, 4
2019/9/16, 22, 15, 25, 4
2019/9/17, 19, 13, 27, 4
2019/9/18, 22, 14, 26, 6
2019/9/19, 23, 14, 30, 5
2019/9/20, 29, 18, 32, 6
2019/9/21, 40, 17, 36, 6
2019/9/22, 35, 14, 22, 5
2019/9/23, 33, 12, 15, 8
2019/9/24, 21, 12, 16, 5
2019/9/25, 23, 11, 16, 4
2019/9/26, 18, 13, 22, 4
2019/9/27, 25, 10, 24, 3
2019/9/28, 19, 9, 21, 2
2019/9/29, 10, 8, 25, 3
2019/9/30, 12, 9, 20, 4
2019/4/1, 32, 24, 30, 8
2019/4/2, 62, 12, 27, 6
2019/4/3, 42, 12, 25, 7
2019/4/4, 40, 12, 33, 5
2019/4/5, 34, 33, 21, 4
2019/4/6, 93, 31, 45, 4
2019/4/7, 85, 30, 47, 7
2019/4/8, 69, 22, 39, 4
2019/4/9, 62, 14, 32, 3
2019/4/10, 35, 16, 33, 3
2019/4/11, 44, 13, 29, 4
2019/4/12, 32, 14, 32, 3
2019/4/13, 42, 15, 33, 3
2019/4/14, 56, 19, 38, 3
2019/4/15, 62, 22, 37, 5
2019/4/16, 59, 22, 29, 9
2019/4/17, 56, 22, 46, 4
2019/4/18, 53, 22, 46, 5
2019/4/19, 48, 28, 57, 6
2019/4/20, 62, 37, 59, 4
2019/4/21, 93, 32, 54, 5
2019/4/22, 77, 27, 44, 3
2019/4/23, 49, 31, 39, 5
2019/4/24, 45, 9, 30, 4
2019/4/25, 16, 10, 30, 5
2019/4/26, 27, 13, 29, 4
2019/4/27, 28, 8, 27, 2
2019/4/28, 19, 12, 32, 4
2019/4/29, 38, 16, 32, 2
2019/4/30, 49, 23, 31, 6
2019/5/1, 63, 24, 28, 7
2019/5/2, 69, 13, 32, 3
2019/5/3, 25, 9, 29, 2
2019/5/4, 16, 11, 34, 2
2019/5/5, 26, 13, 27, 5
2019/5/6, 38, 20, 8, 6
2019/5/7, 45, 18, 20, 8
2019/5/8, 46, 13, 27, 4
2019/5/9, 24, 12, 31, 4
2019/5/10, 23, 12, 36, 2
2019/5/11, 33, 10, 34, 2
2019/5/12, 19, 10, 34, 3
2019/5/13, 22, 12, 38, 3
2019/5/14, 25, 13, 37, 4
2019/5/15, 27, 13, 34, 3
2019/5/16, 19, 13, 23, 3
2019/5/17, 35, 20, 39, 5
2019/5/18, 57, 34, 33, 3
2019/5/19, 92, 22, 27, 3
2019/5/20, 61, 17, 30, 2
2019/5/21, 46, 16, 35, 3
2019/5/22, 39, 20, 44, 7
2019/5/23, 45, 18, 38, 7
2019/5/24, 40, 17, 32, 3
2019/5/25, 29, 20, 26, 5
2019/5/26, 47, 13, 27, 3
2019/5/27, 17, 10, 30, 5
2019/5/28, 26, 12, 35, 4
2019/5/29, 30, 14, 23, 3
2019/5/30, 40, 14, 25, 4
2019/5/31, 33, 17, 33, 6
2019/6/1, 38, 17, 43, 5
2019/6/2, 35, 15, 27, 5
2019/6/3, 27, 19, 40, 6
2019/6/4, 40, 16, 30, 4
2019/6/5, 37, 13, 32, 3
2019/6/6, 26, 12, 37, 5
2019/6/7, 30, 11, 29, 1
2019/6/8, 14, 13, 31, 3
2019/6/9, 26, 17, 38, 2
2019/6/10, 36, 14, 35, 3
2019/6/11, 38, 14, 28, 5
2019/6/12, 41, 7, 32, 3
2019/6/13, 14, 12, 42, 4
2019/6/14, 22, 14, 36, 3
2019/6/15, 34, 14, 28, 3
2019/6/16, 33, 17, 39, 5
2019/6/17, 31, 17, 42, 5
2019/6/18, 39, 20, 41, 5
2019/6/19, 42, 28, 34, 4
2019/6/20, 55, 13, 31, 4
2019/6/21, 35, 15, 41, 3
2019/6/22, 32, 14, 49, 2
2019/6/23, 35, 16, 56, 5
2019/6/24, 39, 28, 83, 7
2019/6/25, 59, 41, 51, 3
2019/6/26, 78, 18, 31, 1
2019/6/27, 28, 16, 36, 2
2019/6/28, 32, 19, 70, 3
2019/6/29, 33, 22, 39, 5
2019/6/30, 48, 19, 29, 3
2019/1/1, 69, 22, 29, 1
2019/1/2, 34, 13, 23, 5
2019/1/4, 36, 10, 25, 1
2019/1/5, 21, 13, 23, 2
2019/1/6, 31, 20, 18, 9
2019/1/7, 60, 17, 29, 1
2019/1/8, 29, 14, 28, 2
2019/1/9, 20, 14, 16, 9
2019/1/10, 26, 11, 26, 6
2019/1/11, 33, 10, 23, 3
2019/1/12, 25, 11, 28, 1
2019/1/13, 21, 11, 26, 2
2019/1/14, 17, 14, 19, 7
2019/1/15, 32, 12, 19, 5
2019/1/16, 41, 8, 24, 5
2019/1/17, 22, 14, 13, 14
2019/1/18, 41, 23, 12, 16
2019/1/19, 70, 22, 11, 8
2019/1/20, 70, 39, 2, 16
2019/1/21, 100, 35, 8, 18
2019/1/22, 97, 36, 14, 11
2019/1/23, 98, 47, 12, 11
2019/1/24, 126, 48, 6, 13
2019/1/25, 122, 11, 23, 5
2019/1/26, 38, 8, 24, 2
2019/1/27, 16, 10, 22, 2
2019/1/28, 16, 12, 20, 10
2019/1/29, 38, 17, 13, 11
2019/1/30, 58, 26, 11, 14
2019/1/31, 75, 21, 15, 12
2019/2/1, 69, 35, 5, 11
2019/2/2, 95, 19, 19, 5
2019/2/3, 54, 12, 19, 7
2019/2/4, 40, 23, 14, 9
2019/2/5, 72, 11, 16, 9
2019/2/6, 47, 12, 28, 3
2019/2/7, 28, 11, 25, 3
2019/2/8, 21, 15, 30, 2
2019/2/9, 25, 11, 29, 2
2019/2/10, 17, 15, 24, 4
2019/2/11, 23, 19, 13, 13
2019/2/12, 47, 24, 9, 15
2019/2/13, 75, 26, 14, 15
2019/2/14, 74, 22, 14, 20
2019/2/15, 54, 32, 18, 17
2019/2/16, 79, 34, 20, 12
2019/2/17, 92, 29, 20, 13
2019/2/18, 71, 18, 23, 7
2019/2/19, 44, 21, 22, 10
2019/2/20, 52, 28, 15, 12
2019/2/21, 68, 29, 12, 11
2019/2/22, 73, 26, 12, 8
2019/2/23, 73, 20, 19, 11
2019/2/24, 61, 31, 21, 13
2019/2/25, 61, 30, 17, 13
2019/2/26, 64, 33, 20, 12
2019/2/27, 78, 47, 24, 15
2019/2/28, 111, 23, 28, 3
2019/3/1, 58, 18, 29, 5
2019/3/2, 56, 11, 25, 2
2019/3/3, 25, 11, 31, 2
2019/3/4, 17, 12, 30, 3
2019/3/5, 23, 10, 22, 5
2019/3/6, 26, 9, 30, 2
2019/3/7, 16, 15, 30, 2
2019/3/8, 27, 14, 32, 2
2019/3/9, 20, 12, 30, 3
2019/3/10, 23, 10, 29, 2
2019/3/11, 21, 12, 31, 5
2019/3/12, 32, 13, 28, 3
2019/3/13, 29, 14, 30, 3
2019/3/14, 27, 14, 27, 4
2019/3/15, 27, 9, 30, 2
2019/3/16, 17, 10, 31, 1
2019/3/17, 16, 15, 29, 3
2019/3/18, 22, 19, 23, 9
2019/3/19, 53, 28, 19, 11
2019/3/20, 80, 32, 23, 8
2019/3/21, 85, 35, 25, 11
2019/3/22, 94, 38, 23, 5
2019/3/23, 91, 18, 30, 3
2019/3/24, 35, 13, 34, 1
2019/3/25, 27, 19, 30, 4
2019/3/26, 34, 18, 28, 6
2019/3/27, 48, 28, 21, 9
2019/3/28, 68, 36, 22, 8
2019/3/29, 88, 37, 26, 9
2019/3/30, 90, 26, 34, 2
2019/3/31, 49, 17, 33, 4
2018/10/1, 17, 12, 24, 6
2018/10/2, 24, 21, 25, 4
2018/10/3, 31, 17, 17, 11
2018/10/4, 48, 20, 21, 12
2018/10/5, 50, 35, 26, 11
2018/10/6, 70, 17, 29, 2
2018/10/7, 28, 16, 20, 9
2018/10/8, 32, 21, 20, 13
2018/10/9, 48, 24, 33, 8
2018/10/10, 62, 20, 24, 12
2018/10/11, 46, 14, 27, 6
2018/10/12, 26, 16, 31, 7
2018/10/13, 31, 16, 34, 7
2018/10/14, 36, 21, 28, 10
2018/10/15, 44, 30, 22, 15
2018/10/16, 59, 32, 19, 13
2018/10/17, 60, 14, 23, 5
2018/10/18, 35, 18, 20, 7
2018/10/19, 42, 21, 24, 6
2018/10/20, 54, 33, 23, 8
2018/10/21, 80, 25, 26, 6
2018/10/22, 48, 17, 21, 6
2018/10/23, 33, 11, 22, 3
2018/10/24, 22, 13, 19, 6
2018/10/25, 32, 14, 22, 6
2018/10/26, 48, 8, 25, 3
2018/10/27, 19, 10, 22, 2
2018/10/28, 17, 9, 15, 4
2018/10/29, 25, 6, 10, 5
2018/10/30, 18, 10, 15, 10
2018/10/31, 37, 10, 9, 13
2018/11/1, 28, 10, 23, 6
2018/11/2, 32, 23, 9, 12
2018/11/3, 70, 27, 9, 12
2018/11/4, 80, 24, 3, 8
2018/11/5, 72, 18, 7, 14
2018/11/6, 52, 12, 19, 9
2018/11/7, 24, 15, 20, 8
2018/11/8, 27, 17, 9, 12
2018/11/9, 54, 8, 19, 5
2018/11/10, 23, 8, 22, 2
2018/11/11, 18, 9, 14, 10
2018/11/12, 33, 15, 18, 8
2018/11/13, 42, 13, 10, 11
2018/11/14, 45, 19, 4, 15
2018/11/15, 62, 23, 4, 13
2018/11/16, 70, 24, 12, 8
2018/11/17, 77, 23, 17, 6
2018/11/18, 76, 8, 18, 3
2018/11/19, 26, 18, 20, 4
2018/11/20, 53, 24, 11, 6
2018/11/21, 72, 34, 4, 8
2018/11/22, 96, 26, 1, 13
2018/11/23, 78, 37, 5, 10
2018/11/24, 82, 31, 1, 7
2018/11/25, 86, 26, 9, 7
2018/11/26, 84, 23, 8, 11
2018/11/27, 72, 14, 5, 13
2018/11/28, 56, 7, 12, 9
2018/11/29, 27, 12, 18, 10
2018/11/30, 28, 10, 20, 6
2018/12/1, 33, 5, 22, 2
2018/12/2, 9, 15, 23, 4
2018/12/3, 26, 9, 21, 7
2018/12/4, 20, 15, 3, 17
2018/12/5, 52, 12, 19, 7
2018/12/6, 39, 6, 24, 4
2018/12/7, 17, 12, 26, 3
2018/12/8, 24, 10, 30, 2
2018/12/9, 19, 9, 29, 3
2018/12/10, 17, 13, 21, 9
2018/12/11, 20, 19, 3, 10
2018/12/12, 54, 13, 7, 8
2018/12/13, 47, 18, 8, 8
2018/12/14, 60, 21, 12, 7
2018/12/15, 69, 19, 10, 8
2018/12/16, 66, 10, 16, 9
2018/12/17, 36, 14, 18, 10
2018/12/18, 39, 10, 17, 8
2018/12/19, 29, 10, 18, 7
2018/12/20, 29, 11, 25, 3
2018/12/21, 17, 13, 23, 3
2018/12/22, 21, 16, 21, 5
2018/12/23, 34, 11, 21, 5
2018/12/24, 31, 15, 18, 7
2018/12/25, 48, 25, 8, 11
2018/12/26, 80, 34, 2, 15
2018/12/27, 95, 43, , 13
2018/12/28, 115, 32, 20, 12
2018/12/29, 81, 15, 28, 5
2018/12/30, 33, , , 
2018/7/5, 11, 21, 33, 2
2018/7/6, 32, 16, 30, 2
2018/7/7, 23, 16, 28, 2
2018/7/8, 29, 17, 22, 3
2018/7/9, 35, 16, 27, 2
2018/7/10, 26, 21, 31, 3
2018/7/11, 35, 21, 31, 3
2018/7/12, 37, 24, 30, 3
2018/7/13, 39, 13, 30, 1
2018/7/14, 22, 17, 38, 2
2018/7/15, 14, 26, 45, 5
2018/7/16, 28, 24, 34, 5
2018/7/17, 45, 21, 39, 4
2018/7/18, 37, 23, 42, 5
2018/7/19, 43, 24, 39, 4
2018/7/20, 43, 22, 46, 3
2018/7/21, 43, 24, 43, 3
2018/7/22, 49, 23, 43, 5
2018/7/23, 47, 24, 58, 6
2018/7/24, 51, 24, 47, 4
2018/7/25, 47, 22, 58, 4
2018/7/26, 43, , 48, 3
2018/7/27, 41, 23, 38, 4
2018/7/28, 36, 22, 32, 7
2018/7/29, 28, 18, 31, 5
2018/7/30, 28, 13, 28, 6
2018/7/31, 19, 19, 38, 7
2018/8/1, 28, 28, 53, 7
2018/8/2, 52, 27, 59, 5
2018/8/3, 50, 14, 35, 4
2018/8/4, 30, 11, 28, 2
2018/8/5, 24, 12, 49, 4
2018/8/6, 26, 33, 70, 7
2018/8/7, 48, 20, 38, 3
2018/8/8, 44, 22, 25, 7
2018/8/9, 35, 12, 25, 3
2018/8/10, 29, 8, 26, 3
2018/8/11, 23, 8, 29, 7
2018/8/12, 29, 6, 21, 10
2018/8/13, 33, 5, 27, 3
2018/8/14, 26, 11, 18, 7
2018/8/15, 51, 9, 20, 5
2018/8/16, 33, 8, 22, 5
2018/8/17, 22, 10, 19, 6
2018/8/18, 39, 10, 21, 5
2018/8/19, 42, 15, 17, 5
2018/8/20, 24, 14, 20, 8
2018/8/21, 30, 22, 27, 7
2018/8/22, 53, 24, 17, 7
2018/8/23, 54, 11, 19, 4
2018/8/24, 19, 9, 19, 2
2018/8/25, 10, 9, 27, 3
2018/8/26, 22, 9, 21, 3
2018/8/27, 21, 15, 21, 8
2018/8/28, 35, 28, 20, 8
2018/8/29, 64, 13, 22, 3
2018/8/30, 23, 11, 22, 4
2018/8/31, 28, 15, 26, 4
2018/9/1, 26, 14, 33, 3
2018/9/2, 36, 22, 23, 6
2018/9/3, 52, 42, 28, 7
2018/9/4, 63, 30, 27, 6
2018/9/5, 68, 23, 26, 5
2018/9/6, 49, 9, 22, 5
2018/9/7, 27, 10, 22, 6
2018/9/8, 29, 14, 29, 7
2018/9/9, 38, 14, 21, 5
2018/9/10, 25, 12, 23, 5
2018/9/11, 35, 13, 17, 3
2018/9/12, 23, 12, 24, 6
2018/9/13, 24, 14, 24, 6
2018/9/14, 33, 15, 23, 5
2018/9/15, 30, 15, 28, 8
2018/9/16, 34, 31, 31, 12
2018/9/17, 37, 23, 32, 8
2018/9/18, 42, 27, 25, 6
2018/9/19, 35, 13, 25, 7
2018/9/20, 37, 12, 24, 3
2018/9/21, 19, 8, 18, 4
2018/9/22, 19, 8, 19, 3
2018/9/23, 31, 11, 23, 3
2018/9/24, 21, 14, 22, 5
2018/9/25, 26, 12, 23, 10
2018/9/26, 38, 23, 15, 15
2018/9/27, 58, 17, 25, 4
2018/9/28, 38, 16, 26, 4
2018/9/29, 25, 18, 27, 5
2018/9/30, 40, 12, 27, 3
2018/4/1, 56, 25, 24, 4
2018/4/2, 69, 10, 28, 4
2018/4/3, 19, 9, 26, 6
2018/4/4, 18, 12, 30, 3
2018/4/5, 19, 14, 28, 9
2018/4/6, 39, 16, 32, 7
2018/4/7, 39, 38, 33, 8
2018/4/8, 73, 41, 29, 5
2018/4/9, 90, 38, 32, 7
2018/4/10, 84, 32, 25, 7
2018/4/11, 73, 40, 16, 6
2018/4/12, 86, 38, 18, 9
2018/4/13, 85, 41, 28, 6
2018/4/14, 96, 29, 27, 4
2018/4/15, 57, 17, 28, 6
2018/4/16, 38, 17, 36, 8
2018/4/17, 40, 27, 40, 11
2018/4/18, 54, 46, 38, 13
2018/4/19, 61, 46, 44, 11
2018/4/20, 68, 47, 37, 5
2018/4/21, 85, 29, 42, 4
2018/4/22, 59, 18, 27, 4
2018/4/23, 38, 13, 21, 5
2018/4/24, 36, 11, 28, 3
2018/4/25, 20, 12, 29, 3
2018/4/26, 18, 16, 28, 5
2018/4/27, 31, 18, 24, 5
2018/4/28, 32, 24, 16, 4
2018/4/29, 65, 8, 23, 3
2018/4/30, 23, 10, 30, 3
2018/5/1, 16, 14, 35, 5
2018/5/2, 33, 15, 32, 4
2018/5/3, 24, 16, 39, 4
2018/5/4, 29, 20, 39, 4
2018/5/5, 38, 21, 42, 3
2018/5/6, 36, 22, 44, 7
2018/5/7, 34, 27, 51, 8
2018/5/8, 48, 39, 49, 9
2018/5/9, 80, 25, 28, 4
2018/5/10, 62, 19, 34, 4
2018/5/11, 42, 21, 44, 5
2018/5/12, 53, 39, 26, 5
2018/5/13, 84, 34, 46, 3
2018/5/14, 66, 26, 47, 4
2018/5/15, 51, 36, 34, 4
2018/5/16, 60, 25, 29, 1
2018/5/17, 31, 20, 28, 3
2018/5/18, 32, 15, 26, 4
2018/5/19, 34, 19, 39, 3
2018/5/20, 57, 14, 42, 3
2018/5/21, 35, 24, 41, 6
2018/5/22, 46, 23, 45, 5
2018/5/23, 52, 23, 38, 5
2018/5/24, 41, 34, 40, 5
2018/5/25, 64, 27, 49, 6
2018/5/26, 55, 26, 40, 3
2018/5/27, 40, 21, 49, 5
2018/5/28, 52, 45, 49, 5
2018/5/29, 73, 33, 39, 4
2018/5/30, 53, 41, 33, 7
2018/5/31, 63, 32, 37, 6
2018/6/1, 73, 28, 25, 4
2018/6/2, 76, 32, 35, 3
2018/6/3, 68, 27, 37, 2
2018/6/4, 59, 17, 34, 1
2018/6/5, 41, 19, 48, 3
2018/6/6, 45, 31, 51, 6
2018/6/7, 53, 43, 33, 5
2018/6/8, 80, 31, 42, 2
2018/6/9, 54, 16, 34, 1
2018/6/10, 47, 13, 28, 2
2018/6/11, 26, , 25, 2
2018/6/12, 25, 10, , 3
2018/6/13, 24, 22, 24, 5
2018/6/14, 40, 26, 38, 4
2018/6/15, 61, 23, 33, 5
2018/6/16, 51, 14, 23, 2
2018/6/17, 26, 13, 22, 4
2018/6/18, 26, 14, 16, 5
2018/6/19, 29, 17, 18, 6
2018/6/20, 39, 16, 24, 2
2018/6/21, 21, 16, 25, 1
2018/6/22, 23, 19, 29, 2
2018/6/23, 31, 16, 23, 2
2018/6/24, 31, 12, 15, 1
2018/6/25, 21, 19, 34, 2
2018/6/26, 39, 21, 35, 3
2018/6/27, 52, 20, 41, 3
2018/6/28, 38, , , 
2018/1/6, 47, 7, 17, 3
2018/1/7, 30, 11, 16, 5
2018/1/8, 41, 20, 9, 10
2018/1/9, 57, 13, 8, 13
2018/1/10, 35, 24, 5, 10
2018/1/11, 58, 26, , 9
2018/1/12, 70, 39, 10, 11
2018/1/13, 91, 26, 10, 6
2018/1/14, 67, 24, 11, 8
2018/1/15, 68, , , 
2018/2/8, 79, 32, 16, 13
2018/2/9, 76, 26, 19, 7
2018/2/10, 61, 9, 27, 2
2018/2/11, 15, 13, 24, 5
2018/2/12, 12, 15, 24, 9
2018/2/13, 34, 17, 18, 13
2018/2/14, 49, 16, 16, 11
2018/2/15, 43, 21, 21, 12
2018/2/16, 34, 35, 15, 11
2018/2/17, 76, 43, 15, 12
2018/2/18, 101, 46, 11, 15
2018/2/19, 97, 47, 18, 12
2018/2/20, 99, 50, 24, 8
2018/2/21, 120, 31, 23, 7
2018/2/22, 80, 31, 24, 6
2018/2/23, 77, 18, 25, 3
2018/2/24, 59, 9, 28, 2
2018/2/25, 38, 15, 26, 4
2018/2/26, 44, 16, 27, 5
2018/2/27, 45, 31, 23, 6
2018/2/28, 76, 32, 26, 5
2018/3/1, 70, 44, 26, 7
2018/3/2, 106, 59, 21, 7
2018/3/3, 151, 46, 21, 8
2018/3/4, 118, 17, 27, 7
2018/3/5, 45, 28, 16, 14
2018/3/6, 70, 27, 19, 10
2018/3/7, 66, 14, 23, 6
2018/3/8, 36, 19, 22, 9
2018/3/9, 49, 13, 19, 7
2018/3/10, 41, 14, 18, 7
2018/3/11, 41, 9, 24, 7
2018/3/12, 22, 8, 22, 5
2018/3/13, 19, 12, 24, 6
2018/3/14, 36, 17, 20, 5
2018/3/15, 57, 22, 16, 5
2018/3/16, 67, 13, 27, 2
2018/3/17, 42, 15, 30, 2
2018/3/18, 48, 14, 32, 4
2018/3/19, 32, 14, 32, 3
2018/3/20, 31, 15, 28, 6
2018/3/21, 37, 21, 25, 7
2018/3/22, 49, 24, 25, 7
2018/3/23, 58, 25, 25, 7
2018/3/24, 65, 35, 26, 5
2018/3/25, 90, 19, 21, 8
2018/3/26, 47, 21, 22, 9
2018/3/27, 61, 18, 22, 7
2018/3/28, 50, 18, 26, 7
2018/3/29, 48, 14, 32, 8
2018/3/30, 45, 12, 29, 5
2018/3/31, 32, 17, 29, 2
2017/4/1, 67, 16, 33, 4
2017/4/2, 57, 12, 27, 4
2017/4/3, 31, 26, 32, 7
2017/4/4, 60, 29, 33, 5
2017/4/5, 49, 21, 32, 2
2017/4/6, 18, 22, 29, 8
2017/4/7, 36, 15, 31, 4
2017/4/8, 37, 35, 39, 5
2017/4/9, 75, 27, 34, 4
2017/4/10, 51, 15, 30, 5
2017/4/11, 22, 23, 26, 4
2017/4/12, 49, 15, 30, 4
2017/4/13, 26, 20, 29, 9
2017/4/14, 42, 13, 33, 3
2017/4/15, 23, 11, 33, 2
2017/4/16, 18, 9, 37, 1
2017/4/17, 13, 10, 33, 3
2017/4/18, 9, 12, 36, 5
2017/4/19, 33, 25, 32, 10
2017/4/20, 63, 29, 25, 7
2017/4/21, 66, 12, 33, 2
2017/4/22, 18, 13, 33, 2
2017/4/23, 11, 11, 24, 7
2017/4/24, 27, 8, 33, 3
2017/4/25, 14, 12, 33, 6
2017/4/26, 26, 15, 33, 4
2017/4/27, 24, 15, 32, 5
2017/4/28, 35, 13, 36, 4
2017/4/29, 26, 14, 43, 4
2017/4/30, 36, 15, 36, 6
2017/5/1, 32, 17, 27, 6
2017/5/2, 45, 12, 25, 4
2017/5/3, 44, 13, 27, 4
2017/5/4, 33, 11, 29, 4
2017/5/5, 28, 17, 35, 4
2017/5/6, 55, 18, 36, 3
2017/5/7, 52, 17, 35, 2
2017/5/8, 26, 17, 36, 4
2017/5/9, 20, 18, 35, 5
2017/5/10, 31, 15, 39, 7
2017/5/11, 39, 14, 35, 4
2017/5/12, 22, 13, 28, 4
2017/5/13, 24, 16, 36, 4
2017/5/14, 36, 15, 35, 6
2017/5/15, 19, 18, 42, 7
2017/5/16, 31, 32, 61, 8
2017/5/17, 41, 24, 38, 5
2017/5/18, 49, 11, 30, 4
2017/5/19, 28, 13, 35, 4
2017/5/20, 35, 14, 39, 4
2017/5/21, 23, 19, 45, 7
2017/5/22, 27, 22, 36, 7
2017/5/23, 41, 16, 30, 7
2017/5/24, 31, 11, 31, 3
2017/5/25, 18, 13, 39, 3
2017/5/26, 13, 20, 58, 3
2017/5/27, 27, 19, 43, 5
2017/5/28, 28, 19, 69, 5
2017/5/29, 43, 35, 34, 4
2017/5/30, 59, 12, 33, 4
2017/5/31, 20, 17, 44, 4
2017/6/1, 21, 17, 66, 6
2017/6/2, 32, 23, 48, 5
2017/6/3, 49, 13, 34, 3
2017/6/4, 29, 12, 36, 3
2017/6/5, 16, 10, 27, 3
2017/6/6, 9, 13, 28, 3
2017/6/7, 20, 13, 33, 4
2017/6/8, 19, 11, 30, 6
2017/6/9, 21, 17, 41, 4
2017/6/10, 27, 15, 44, 6
2017/6/11, 32, 17, 27, 4
2017/6/12, 20, 14, 30, 4
2017/6/13, 20, 14, 38, 4
2017/6/14, 23, 19, 54, 8
2017/6/15, 33, 17, 26, 4
2017/6/16, 25, 13, 26, 5
2017/6/17, 25, 24, 33, 3
2017/6/18, 24, 22, 19, 8
2017/6/19, 31, , , 
2017/1/2, 33, 12, 17, 8
2017/1/3, 19, 20, 27, 2
2017/1/4, 25, 14, 22, 5
2017/1/5, 28, 21, 8, 17
2017/1/6, 66, 22, 10, 13
2017/1/7, 65, 15, 11, 9
2017/1/8, 27, 26, 5, 14
2017/1/9, 64, 15, 13, 13
2017/1/10, 29, 20, 29, 10
2017/1/11, 47, 17, 26, 6
2017/1/13, 28, 10, 29, 3
2017/1/14, 14, 17, 20, 7
2017/1/15, 32, 26, 15, 11
2017/1/16, 67, 31, 16, 10
2017/1/17, 81, 41, 11, 12
2017/1/18, 103, 45, 5, 15
2017/1/19, 100, 34, 8, 17
2017/1/20, 85, 30, 11, 12
2017/1/21, 77, 44, 5, 15
2017/1/22, 101, 57, 6, 14
2017/1/23, 136, 35, 3, 19
2017/1/24, 84, 52, 9, 16
2017/1/25, 120, 38, 8, 15
2017/1/26, 87, 33, 11, 18
2017/1/27, 81, 21, 15, 15
2017/1/28, 57, 16, 21, 5
2017/1/29, 45, 10, 20, 6
2017/1/30, 26, 21, 18, 6
2017/1/31, 59, 23, 8, 16
2017/2/1, 61, 16, 7, 15
2017/2/2, 51, 13, 16, 13
2017/2/3, 24, 12, 18, 8
2017/2/4, 22, 20, 23, 7
2017/2/5, 59, 26, 2, 9
2017/2/6, 69, 29, 8, 9
2017/2/7, 77, 43, 8, 9
2017/2/8, 100, 48, 11, 9
2017/2/9, 115, 59, 8, 11
2017/2/10, 138, 71, 9, 11
2017/2/11, 160, 57, 17, 6
2017/2/12, 137, 52, 21, 8
2017/2/13, 132, 48, 20, 15
2017/2/14, 106, 38, 12, 21
2017/2/15, 82, 26, 17, 11
2017/2/16, 56, 18, 18, 7
2017/2/17, 35, 24, 20, 7
2017/2/18, 56, 36, 16, 9
2017/2/19, 79, 19, 12, 9
2017/2/20, 40, 12, 24, 6
2017/2/21, 15, 9, 24, 5
2017/2/22, 14, 9, 30, 3
2017/2/23, 10, 14, 31, 5
2017/2/24, 16, 15, 24, 10
2017/2/25, 45, 11, 22, 5
2017/2/26, 30, 9, 30, 4
2017/2/27, 14, 7, 32, 5
2017/2/28, 10, 10, 26, 6
2017/3/1, 17, 12, 29, 5
2017/3/2, 14, 20, 19, 14
2017/3/3, 29, 12, 31, 8
2017/3/4, 19, 13, 30, 3
2017/3/5, 15, 12, 24, 6
2017/3/6, 23, 21, 18, 8
2017/3/7, 53, 16, 18, 10
2017/3/8, 37, 13, 29, 9
2017/3/9, 31, 21, 29, 9
2017/3/10, 26, 24, 19, 13
2017/3/11, 49, 18, 24, 7
2017/3/12, 39, 23, 16, 8
2017/3/13, 48, 27, 20, 12
2017/3/20, 20, 12, 31, 5
2017/3/21, 16, 17, 29, 11
2017/3/22, 39, 19, 27, 7
2017/3/23, 53, 21, 31, 5
2017/3/24, 53, 16, 35, 4
2017/3/25, 41, 15, 29, 2
2017/3/26, 39, 25, 31, 10
2017/3/27, 51, 30, 38, 9
2017/3/28, 66, 16, 29, 5
2017/3/29, 44, 17, 33, 8
2017/3/30, 33, 20, 32, 9
2017/3/31, 37, 29, 20, 2
2016/10/1, 17, 8, 22, 3
2016/10/2, 9, 10, 26, 4
2016/10/3, 4, 11, 18, 6
2016/10/4, 21, 10, 21, 5
2016/10/5, 9, 9, 18, 4
2016/10/6, 21, 10, 14, 4
2016/10/7, 9, 11, 22, 4
2016/10/8, 18, 12, 20, 3
2016/10/9, 27, 12, 20, 4
2016/10/10, 21, 16, 8, 6
2016/10/11, 31, 10, 9, 4
2016/10/12, 18, 11, 9, 5
2016/10/13, 17, 17, 11, 5
2016/10/14, 45, 22, 8, 8
2016/10/15, 57, 16, 17, 9
2016/10/16, 36, 17, 16, 10
2016/10/17, 31, 12, 15, 10
2016/10/18, 32, 8, 23, 5
2016/10/19, 24, 8, 15, 6
2016/10/20, 13, 18, 11, 6
2016/10/21, 42, 16, 12, 4
2016/10/22, 35, 17, 14, 3
2016/10/23, 48, 25, 2, 8
2016/10/24, 62, 28, 5, 7
2016/10/25, 72, 39, 6, 11
2016/10/26, 94, 33, 9, 15
2016/10/27, 88, 16, 13, 7
2016/10/28, 36, 16, 19, 4
2016/10/29, 22, 19, 19, 3
2016/10/30, 40, 18, 8, 9
2016/10/31, 35, 22, 16, 9
2016/11/1, 37, 8, 18, 7
2016/11/2, 19, 13, 12, 11
2016/11/3, 19, 19, 7, 14
2016/11/4, 39, 14, 18, 6
2016/11/5, 29, 7, 18, 4
2016/11/6, 13, 12, 10, 6
2016/11/7, 36, 18, 6, 9
2016/11/8, 50, 19, 5, 13
2016/11/9, 43, 15, 3, 11
2016/11/10, 42, 29, 10, 9
2016/11/11, 73, 36, 5, 11
2016/11/12, 93, 30, 3, 11
2016/11/13, 77, 28, 1, 11
2016/11/14, 71, 9, 5, 11
2016/11/15, 37, 9, 16, 8
2016/11/16, 12, 9, 21, 6
2016/11/17, 8, 7, 27, 6
2016/11/18, 14, 8, 20, 5
2016/11/19, 16, 8, 25, 3
2016/11/20, 15, 8, 20, 6
2016/11/21, 6, 8, 25, 7
2016/11/22, 8, 23, 4, 13
2016/11/23, 45, 12, 18, 5
2016/11/24, 27, 13, 12, 10
2016/11/25, 42, 31, 2, 9
2016/11/26, 79, 25, 22, 7
2016/11/27, 40, 18, 18, 10
2016/11/28, 37, 26, 5, 14
2016/11/29, 62, 28, , 21
2016/11/30, 73, 22, 11, 14
2016/12/1, 44, 13, 22, 6
2016/12/2, 10, 30, 1, 8
2016/12/3, 72, 28, 7, 11
2016/12/4, 72, 30, 4, 14
2016/12/5, 72, 43, 1, 17
2016/12/6, 101, 23, 5, 21
2016/12/7, 67, 19, 14, 15
2016/12/8, 51, 37, 5, 16
2016/12/9, 79, 29, 4, 14
2016/12/10, 72, 17, 23, 3
2016/12/11, 24, 22, 12, 13
2016/12/12, 48, 19, 7, 13
2016/12/13, 47, 31, 1, 14
2016/12/14, 65, 24, 5, 17
2016/12/15, 53, 19, 4, 15
2016/12/16, 58, 35, 5, 14
2016/12/17, 81, 28, 8, 8
2016/12/18, 71, 26, 7, 10
2016/12/19, 64, 23, 2, 11
2016/12/20, 65, 25, 10, 11
2016/12/21, 60, 19, 9, 10
2016/12/22, 42, 20, 17, 12
2016/12/23, 52, 19, 23, 4
2016/12/24, 26, 18, 24, 3
2016/12/25, 9, 12, 28, 2
2016/12/26, 13, 24, 25, 6
2016/12/27, 28, 18, 7, 15
2016/12/28, 42, 24, 1, 16
2016/12/29, 71, 41, 1, 18
2016/12/30, 116, 44, 2, 16
2016/12/31, 111, 40, 10, 9
2017/1/1, 94, 16, 20, 8
2016/7/1, 8, 10, 26, 2
2016/7/2, 9, 15, 25, 2
2016/7/3, 15, 13, 33, 4
2016/7/4, 20, 15, 25, 4
2016/7/5, 17, 15, 26, 2
2016/7/6, 7, 13, 38, 5
2016/7/7, 23, 18, 21, 6
2016/7/8, 33, 16, 31, 4
2016/7/9, 21, 18, 40, 4
2016/7/10, 15, 16, 25, 2
2016/7/11, 5, 13, 22, 3
2016/7/12, 11, 13, 23, 5
2016/7/13, 15, 12, 23, 3
2016/7/14, 19, 11, 27, 3
2016/7/15, 20, 14, 17, 5
2016/7/16, 21, 18, 26, 3
2016/7/17, 8, 13, 41, 5
2016/7/18, 25, 19, 71, 5
2016/7/19, 15, 24, 67, 5
2016/7/20, 27, 32, 46, 6
2016/7/21, 53, 27, 41, 3
2016/7/22, 41, 22, 35, 2
2016/7/23, 39, 21, 40, 2
2016/7/24, 34, 17, 19, 5
2016/7/25, 26, 16, 29, 4
2016/7/26, 12, 15, 21, 5
2016/7/27, 11, 15, 26, 3
2016/7/28, 30, 11, 20, 3
2016/7/29, 16, 12, 20, 3
2016/7/30, 29, 12, 24, 3
2016/7/31, 15, 19, 26, 3
2016/8/1, 13, 8, 15, 5
2016/8/2, 7, 8, 12, 3
2016/8/4, 6, 13, 27, 4
2016/8/5, 7, 17, 26, 5
2016/8/6, 25, 11, 19, 3
2016/8/7, 16, 20, 26, 2
2016/8/8, 6, 14, 21, 2
2016/8/9, 6, 11, 21, 2
2016/8/10, 11, 8, 16, 6
2016/8/11, 15, 9, 16, 4
2016/8/12, 12, 16, 21, 4
2016/8/13, 21, 12, 22, 3
2016/8/14, 32, 11, 26, 2
2016/8/15, 12, 9, 28, 2
2016/8/16, 14, 11, 34, 3
2016/8/17, 13, 12, 40, 4
2016/8/18, 14, 18, 44, 5
2016/8/19, 25, 11, 31, 2
2016/8/20, 10, 9, 22, 2
2016/8/21, 25, 12, 23, 4
2016/8/22, 6, 14, 41, 6
2016/8/23, 16, 33, 54, 6
2016/8/24, 37, 23, 63, 8
2016/8/25, 34, 30, 46, 6
2016/8/26, 65, 14, 43, 2
2016/8/27, 9, 24, 35, 3
2016/8/28, 41, 17, 30, 3
2016/8/29, 3, 15, 34, 5
2016/8/30, 18, 22, 42, 7
2016/8/31, 41, 33, 23, 7
2016/9/1, 57, 24, 21, 6
2016/9/2, 27, 11, 25, 5
2016/9/3, 23, 12, 23, 2
2016/9/4, 7, 13, 25, 4
2016/9/5, 5, 13, 33, 7
2016/9/6, 32, 18, 43, 8
2016/9/7, 34, 26, 38, 8
2016/9/8, 25, 25, 27, 7
2016/9/9, 41, 20, 42, 7
2016/9/10, 33, 22, 18, 5
2016/9/11, 24, 30, 43, 7
2016/9/12, 34, 32, 60, 9
2016/9/13, 42, 44, 45, 9
2016/9/14, 53, 43, 55, 6
2016/9/15, 59, 13, 26, 4
2016/9/16, 31, 21, 19, 7
2016/9/17, 27, 15, 26, 2
2016/9/18, 33, 14, 21, 5
2016/9/19, 16, 18, 25, 6
2016/9/20, 33, 20, 32, 8
2016/9/21, 27, 26, 24, 12
2016/9/22, 48, 25, 27, 8
2016/9/23, 45, 17, 39, 7
2016/9/24, 32, 18, 37, 5
2016/9/25, 42, 19, 20, 6
2016/9/26, 13, 18, 26, 5
2016/9/27, 24, 19, 20, 6
2016/9/28, 19, 18, 19, 6
2016/9/29, 30, 17, 19, 7
2016/9/30, 8, 15, 21, 8
2016/4/1, 36, 20, 25, 9
2016/4/2, 55, 19, 35, 6
2016/4/3, 45, 16, 31, 5
2016/4/4, 24, 14, 26, 9
2016/4/5, 34, 15, 27, 6
2016/4/6, 38, 11, 27, 5
2016/4/7, 16, 12, 25, 8
2016/4/8, 31, 19, 34, 8
2016/4/9, 58, 15, 34, 3
2016/4/10, 38, 17, 33, 4
2016/4/11, 52, 12, 32, 5
2016/4/12, 18, 9, 30, 5
2016/4/13, 24, 18, 33, 8
2016/4/14, 54, 15, 29, 6
2016/4/15, 29, 8, 32, 3
2016/4/16, 18, 8, 32, 2
2016/4/17, 17, 12, 24, 7
2016/4/18, 32, 14, 31, 4
2016/4/19, 21, 23, 32, 4
2016/4/20, 33, 21, 34, 4
2016/4/21, 36, 15, 31, 3
2016/4/22, 19, 12, 32, 2
2016/4/23, 13, 8, 31, 1
2016/4/24, 11, 9, 27, 5
2016/4/25, 29, 6, 31, 3
2016/4/26, 7, 7, 35, 1
2016/4/27, 11, 9, 31, 4
2016/4/28, 20, 9, 25, 7
2016/4/29, 28, 10, 36, 4
2016/4/30, 23, 10, 37, 1
2016/5/1, 25, 14, 37, 6
2016/5/2, 43, 11, 33, 3
2016/5/3, 10, 15, 37, 6
2016/5/4, 28, 14, 43, 5
2016/5/5, 27, 17, 48, 5
2016/5/6, 32, 20, 58, 7
2016/5/7, 31, 18, 52, 2
2016/5/8, 25, 15, 47, 3
2016/5/9, 15, 23, 38, 8
2016/5/10, 31, 22, 53, 7
2016/5/11, 36, 24, 59, 4
2016/5/12, 30, 22, 45, 3
2016/5/13, 21, 15, 35, 1
2016/5/14, 13, 9, 34, 1
2016/5/15, 12, 10, 33, 2
2016/5/16, 8, 18, 37, 7
2016/5/17, 36, 18, 35, 7
2016/5/18, 40, 20, 29, 7
2016/5/19, 48, 15, 24, 7
2016/5/20, 38, 13, 31, 4
2016/5/21, 24, 13, 23, 5
2016/5/22, 16, 7, 31, 2
2016/5/23, 6, 17, 28, 1
2016/5/24, 14, 12, 21, 5
2016/5/25, 20, 15, 39, 4
2016/5/26, 50, 28, 36, 5
2016/5/27, 74, 22, 40, 4
2016/5/28, 60, 21, 36, 2
2016/5/29, 50, 18, 33, 2
2016/5/30, 40, 14, 32, 3
2016/5/31, 32, 23, 38, 4
2016/6/1, 39, 28, 30, 2
2016/6/2, 52, 19, 33, 3
2016/6/3, 46, 30, 48, 5
2016/6/4, 58, 18, 39, 2
2016/6/5, 24, 22, 38, 3
2016/6/6, 21, 22, 43, 4
2016/6/7, 22, 19, 31, 3
2016/6/8, 20, 23, 40, 2
2016/6/9, 15, 23, 39, 4
2016/6/10, 19, 17, 38, 3
2016/6/11, 23, 21, 38, 3
2016/6/12, 38, 13, 29, 3
2016/6/13, 26, 15, 22, 5
2016/6/14, 29, 13, 19, 5
2016/6/15, 11, 12, 27, 5
2016/6/16, 17, 11, 22, 4
2016/6/17, 21, 11, 27, 2
2016/6/18, 26, 18, 35, 1
2016/6/19, 19, 12, 24, 4
2016/6/20, 24, 19, 16, 4
2016/6/21, 28, 15, 29, 5
2016/6/22, 26, 22, 45, 6
2016/6/23, 29, 18, 25, 4
2016/6/24, 27, 23, 23, 4
2016/6/25, 37, 15, 27, 3
2016/6/26, 21, 11, 20, 4
2016/6/27, 15, 14, 33, 4
2016/6/28, 19, 11, 28, 3
2016/6/29, 14, 9, 17, 4
2016/6/30, 8, 10, 16, 4
2016/1/4, 31, 18, 12, 12
2016/1/5, 34, 61, 1, 14
2016/1/6, 152, 26, 19, 11
2016/1/7, 51, 15, 25, 11
2016/1/8, 19, 13, 17, 9
2016/1/9, 32, 8, 27, 3
2016/1/10, 12, 8, 17, 10
2016/1/11, 24, 7, 19, 7
2016/1/12, 23, 10, 19, 9
2016/1/13, 12, 9, 20, 10
2016/1/14, 21, 18, 16, 9
2016/1/15, 58, 11, 29, 6
2016/1/16, 45, 11, 25, 3
2016/1/17, 23, 21, 9, 17
2016/1/18, 62, 28, 3, 26
2016/1/21, 96, 31, 5, 22
2016/1/22, 87, 22, 13, 11
2016/1/23, 49, 13, 18, 6
2016/1/24, 44, 14, 12, 11
2016/1/25, 41, 17, 21, 8
2016/1/26, 28, 8, 25, 5
2016/1/27, 14, 14, 25, 7
2016/1/28, 15, 9, 23, 6
2016/1/29, 17, 9, 28, 3
2016/1/30, 22, 10, 23, 5
2016/1/31, 18, 11, 30, 3
2016/2/1, 10, 19, 30, 3
2016/2/2, 22, 13, 27, 5
2016/2/3, 18, 10, 20, 9
2016/2/4, 20, 15, 11, 11
2016/2/5, 57, 8, 25, 3
2016/2/6, 15, 8, 29, 2
2016/2/7, 13, 13, 31, 3
2016/2/8, 17, 14, 30, 5
2016/2/9, 18, 9, 24, 7
2016/2/10, 25, 11, 24, 12
2016/2/11, 24, 20, 13, 15
2016/2/12, 57, 22, 15, 11
2016/2/13, 66, 14, 21, 4
2016/2/14, 59, 10, 27, 3
2016/2/15, 29, 17, 23, 9
2016/2/16, 42, 29, 11, 15
2016/2/17, 73, 29, 16, 15
2016/2/18, 73, 26, 17, 15
2016/2/19, 67, 8, 25, 3
2016/2/20, 19, 7, 28, 1
2016/2/21, 7, 9, 28, 4
2016/2/22, 12, 11, 27, 7
2016/2/23, 24, 10, 26, 7
2016/2/24, 25, 10, 26, 10
2016/2/25, 31, 21, 19, 13
2016/2/26, 63, 22, 28, 8
2016/2/27, 65, 17, 31, 3
2016/2/28, 50, , 29, 6
2016/2/29, 36, 30, 15, 12
2016/3/1, 78, 9, 29, 4
2016/3/2, 21, 13, 30, 7
2016/3/3, 24, 15, 13, 17
2016/3/4, 44, 17, 21, 14
2016/3/5, 50, 26, 24, 9
2016/3/6, 76, 9, 29, 6
2016/3/7, 26, 10, 23, 10
2016/3/8, 31, 23, 24, 9
2016/3/9, 67, 34, 26, 9
2016/3/10, 88, 43, 18, 8
2016/3/11, 109, 28, 29, 6
2016/3/12, 84, 20, 28, 4
2016/3/13, 64, 20, 29, 5
2016/3/14, 65, 22, 18, 7
2016/3/15, 62, 20, 27, 6
2016/3/16, 59, 26, 32, 9
2016/3/17, 72, 11, 28, 3
2016/3/18, 31, 16, 32, 1
2016/3/19, 14, 10, 32, 1
2016/3/20, 13, 19, 27, 5
2016/3/21, 32, 15, 26, 5
2016/3/22, 31, 6, 33, 2
2016/3/23, 14, 32, 19, 8
2016/3/24, 77, 14, 29, 4
2016/3/25, 32, 12, 30, 5
2016/3/26, 38, 8, 32, 1
2016/3/27, 13, 6, 30, 1
2016/3/28, 7, 7, 31, 4
2016/3/29, 9, 11, 29, 6
2016/3/30, 18, 16, 27, 9
2016/3/31, 35, 13, 29, 6
2015/10/1, 41, 20, 24, 8
2015/10/2, 57, 28, 15, 9
2015/10/3, 66, 42, 23, 7
2015/10/4, 105, 13, 12, 11
2015/10/5, 36, 13, 13, 8
2015/10/6, 21, 9, 17, 6
2015/10/7, 4, 13, 16, 7
2015/10/8, 11, 15, 25, 5
2015/10/9, 32, 24, 22, 5
2015/10/10, 53, 20, 23, 4
2015/10/11, 49, 24, 19, 8
2015/10/12, 49, 28, 17, 8
2015/10/13, 72, 19, 10, 7
2015/10/14, 52, 21, 6, 7
2015/10/15, 64, 26, 9, 7
2015/10/16, 70, 19, 1, 11
2015/10/17, 58, 19, 2, 7
2015/10/18, 51, 26, 8, 6
2015/10/19, 64, 10, 21, 6
2015/10/20, 29, 19, 8, 10
2015/10/21, 48, 9, 15, 8
2015/10/22, 19, 18, 19, 11
2015/10/23, 24, 22, 11, 11
2015/10/24, 50, 14, 26, 5
2015/10/25, 30, 19, 10, 9
2015/10/26, 48, 25, 6, 12
2015/10/27, 67, 31, 2, 13
2015/10/28, 74, 19, 15, 12
2015/10/29, 50, 22, 5, 16
2015/10/30, 54, 29, 6, 11
2015/10/31, 73, 31, 7, 8
2015/11/1, 84, 29, 8, 7
2015/11/2, 78, 22, 7, 16
2015/11/3, 58, 15, 14, 15
2015/11/4, 32, 15, 10, 10
2015/11/5, 33, 8, 15, 6
2015/11/6, 17, 7, 17, 4
2015/11/7, 6, 12, 17, 5
2015/11/8, 22, 13, 25, 4
2015/11/9, 10, 13, 22, 5
2015/11/10, 12, 13, 19, 7
2015/11/11, 23, 12, 19, 9
2015/11/12, 17, 13, 26, 5
2015/11/13, 26, 12, 25, 4
2015/11/14, 13, 16, 22, 2
2015/11/15, 14, 12, 25, 5
2015/11/16, 13, 10, 25, 5
2015/11/17, 8, 18, 28, 4
2015/11/18, 14, 17, 27, 4
2015/11/23, 33, 12, 16, 11
2015/11/24, 43, 9, 17, 11
2015/11/25, 24, 12, 16, 11
2015/11/26, 22, 17, 11, 15
2015/11/27, 47, 9, 26, 4
2015/11/28, 20, 14, 30, 2
2015/11/29, 15, 12, 29, 5
2015/11/30, 9, 12, 23, 10
2015/12/1, 22, 13, 25, 10
2015/12/2, 24, 14, 17, 10
2015/12/3, 36, 11, 22, 8
2015/12/4, 26, 11, 21, 5
2015/12/5, 17, 10, 23, 3
2015/12/6, 23, 17, 11, 12
2015/12/7, 52, 14, 13, 13
2015/12/8, 43, 17, 18, 12
2015/12/9, 27, 13, 17, 8
2015/12/10, 38, 10, 21, 8
2015/12/11, 27, 13, 20, 9
2015/12/12, 26, 11, 25, 4
2015/12/13, 22, 24, 10, 14
2015/12/14, 56, 26, 1, 16
2015/12/15, 68, 15, 18, 11
2015/12/16, 30, 22, 17, 8
2015/12/17, 30, 20, 15, 10
2015/12/18, 26, 18, 13, 6
2015/12/19, 38, 22, 15, 5
2015/12/20, 38, 10, 25, 4
2015/12/21, 12, 6, 22, 4
2015/12/22, 9, 15, 26, 7
2015/12/23, 15, 11, 23, 5
2015/12/24, 19, 14, 25, 3
2015/12/25, 15, 11, 22, 3
2015/12/26, 13, 31, 20, 3
2015/12/27, 45, 29, 12, 12
2015/12/28, 52, 15, 8, 14
2015/12/29, 36, 13, 15, 9
2015/12/30, 38, , , 
2016/1/2, 44, 9, 21, 6
2016/1/3, 15, 10, 17, 10
2015/7/1, 32, 23, 84, 7
2015/7/2, 49, , , 
2015/7/8, 17, 10, 26, 2
2015/7/9, 8, 13, 48, 5
2015/7/10, 30, 18, 62, 5
2015/7/11, 43, 14, 20, 3
2015/7/12, 32, 12, 20, 4
2015/7/13, 24, 10, 27, 3
2015/7/14, 12, 13, 19, 5
2015/7/15, 37, 13, 44, 3
2015/7/16, 26, 17, 37, 4
2015/7/17, 27, 13, 37, 3
2015/7/18, 13, 11, 31, 3
2015/7/19, 22, 11, 26, 5
2015/7/20, 13, 8, 31, 3
2015/7/21, 7, 14, 33, 4
2015/7/22, 12, 10, 35, 3
2015/7/23, 12, 27, 41, 6
2015/7/24, 36, 11, 32, 3
2015/7/25, 38, 10, 17, 3
2015/7/26, 15, 8, , 2
2015/7/27, 8, 13, 29, 2
2015/7/28, 12, 8, 28, 2
2015/7/29, 13, 11, 26, 2
2015/7/30, 14, 11, 33, 3
2015/7/31, 15, 16, 46, 3
2015/8/1, 27, 17, 60, 4
2015/8/2, 40, 18, 75, 6
2015/8/3, 36, 14, 31, 4
2015/8/4, 19, 18, 44, 5
2015/8/5, 19, 16, 51, 6
2015/8/6, 26, 14, 32, 4
2015/8/7, 15, , , 
2015/8/10, 54, 15, 26, 6
2015/8/11, 39, 14, 33, 2
2015/8/12, 34, 14, 55, 3
2015/8/13, 26, 14, 46, 4
2015/8/14, 19, 16, 27, 5
2015/8/15, 35, 8, 27, 1
2015/8/16, 13, 4, 25, 2
2015/8/17, 9, 13, 21, 6
2015/8/18, 19, 15, 34, 6
2015/8/19, 29, 19, 40, 9
2015/8/20, 39, 24, 46, 8
2015/8/21, 56, 24, 56, 6
2015/8/22, 47, 32, 49, 2
2015/8/23, 45, 10, 30, 4
2015/8/24, 27, 7, 27, 3
2015/8/25, 11, 8, 27, 3
2015/8/26, 17, 8, 21, 5
2015/8/27, 7, 13, 16, 6
2015/8/28, 13, 11, 32, 5
2015/8/29, 26, 16, 34, 2
2015/8/30, 38, 14, 42, 5
2015/8/31, 47, 7, 29, 2
2015/9/1, 22, 11, 28, 5
2015/9/2, 14, 10, 24, 5
2015/9/3, 21, 8, 23, 5
2015/9/4, 27, 10, 26, 2
2015/9/6, 11, 6, 25, 2
2015/9/7, 5, 7, 23, 2
2015/9/8, 14, 13, 25, 4
2015/9/9, 20, 10, 28, 5
2015/9/10, 18, 14, 31, 5
2015/9/11, 38, 21, 24, 8
2015/9/12, 42, 21, 15, 5
2015/9/13, 28, , , 
2015/9/15, 6, 11, 16, 8
2015/9/16, 13, 11, 25, 4
2015/9/17, 31, 16, 10, 11
2015/9/18, 27, 13, 29, 4
2015/9/19, 20, 12, 29, 4
2015/9/20, 29, 18, 29, 9
2015/9/21, 45, 10, 23, 5
2015/9/22, 18, 9, 23, 6
2015/9/23, 23, 15, 17, 8
2015/9/24, 17, 15, 14, 9
2015/9/25, 32, 9, 24, 3
2015/9/26, 25, 10, 26, 2
2015/9/27, 16, 10, 23, 4
2015/9/28, 19, 11, 24, 6
2015/9/29, 28, 11, 26, 6
2015/9/30, 23, 15, 28, 8
2015/4/1, 19, 9, 28, 2
2015/4/2, 14, 12, 26, 5
2015/4/3, 13, 13, 29, 2
2015/4/4, 30, 9, 33, 1
2015/4/5, 15, 10, 28, 4
2015/4/6, 25, 16, 30, 9
2015/4/7, 53, 29, 26, 6
2015/4/8, 78, 23, 31, 8
2015/4/9, 61, 51, 41, 10
2015/4/10, 116, 28, 30, 7
2015/4/11, 67, 12, 35, 4
2015/4/12, 38, 11, 30, 3
2015/4/13, 20, 21, 33, 10
2015/4/14, 51, 26, 39, 10
2015/4/15, 55, 15, 31, 3
2015/4/16, 28, 10, 33, 2
2015/4/17, 14, 13, 34, 3
2015/4/18, 22, 15, 37, 2
2015/4/19, 23, 18, 38, 6
2015/4/20, 36, 15, 33, 5
2015/4/21, 32, 19, 33, 3
2015/4/22, 35, 22, 33, 5
2015/4/23, 42, 47, 44, 10
2015/4/24, 87, 24, 30, 5
2015/4/25, 62, 12, 26, 4
2015/4/26, 41, 8, 27, 2
2015/4/27, 16, 13, 26, 5
2015/4/28, 22, 15, 30, 9
2015/4/29, 32, 10, 33, 5
2015/4/30, 29, 13, 34, 4
2015/5/1, 18, 12, 40, 3
2015/5/2, 29, 14, 30, 5
2015/5/3, 34, 12, 32, 5
2015/5/4, 14, 12, 36, 3
2015/5/5, 19, 11, 32, 4
2015/5/6, 18, 12, 32, 4
2015/5/7, 21, 16, 33, 9
2015/5/8, 34, 15, 36, 4
2015/5/9, 30, 14, 42, 2
2015/5/10, 28, 22, 41, 8
2015/5/11, 40, 15, 33, 8
2015/5/12, 35, 15, 32, 6
2015/5/13, 27, 10, 35, 2
2015/5/14, 16, 15, 37, 2
2015/5/15, 27, 24, 33, 6
2015/5/16, 36, 14, 37, 4
2015/5/17, 33, 14, 30, 7
2015/5/18, 30, 11, 29, 4
2015/5/19, 19, 11, 32, 5
2015/5/20, 26, 13, 35, 5
2015/5/21, 34, 21, 35, 9
2015/5/22, 42, 23, 33, 6
2015/5/23, 46, 17, 41, 3
2015/5/24, 30, 13, 30, 3
2015/5/25, 20, 9, 28, 2
2015/5/26, 15, 16, 36, 5
2015/5/27, 29, 13, 33, 4
2015/5/28, 30, 16, 33, 8
2015/5/29, 35, 7, 30, 3
2015/5/30, 19, 11, 24, 5
2015/5/31, 23, 12, 27, 5
2015/6/1, 22, 12, 27, 5
2015/6/2, 23, 17, 29, 3
2015/6/3, 29, 16, 43, 4
2015/6/4, 26, 20, 68, 7
2015/6/5, 41, 8, 35, 4
2015/6/6, 28, 12, 35, 4
2015/6/7, 23, 12, 32, 2
2015/6/8, 22, 15, 33, 2
2015/6/9, 21, 16, 44, 3
2015/6/10, 30, 15, 55, 4
2015/6/11, 22, 16, 68, 5
2015/6/12, 34, 19, 45, 4
2015/6/13, 36, 25, 37, 2
2015/6/14, 57, 9, 36, 1
2015/6/15, 18, 11, 32, 3
2015/6/16, 20, 17, 40, 6
2015/6/17, 39, 14, 27, 4
2015/6/18, 33, 11, 24, 3
2015/6/19, 15, 7, 23, 2
2015/6/20, 11, 12, 18, 5
2015/6/21, 35, 9, 22, 5
2015/6/22, 22, 9, 25, 3
2015/6/23, 14, 15, 36, 3
2015/6/24, 31, 18, 42, 7
2015/6/25, 40, 21, 45, 7
2015/6/26, 50, 13, 35, 3
2015/6/27, 28, 15, 35, 4
2015/6/28, 39, 20, 34, 5
2015/6/29, 40, 14, 47, 4
2015/6/30, 19, 16, 89, 5
2015/1/1, 119, 20, 26, 2
2015/1/2, 68, 18, 18, 9
2015/1/3, 44, 16, 23, 5
2015/1/4, 51, 24, 5, 19
2015/1/5, 70, 23, 5, 17
2015/1/6, 78, 15, 15, 13
2015/1/7, 56, 10, 21, 7
2015/1/8, 55, 9, 24, 5
2015/1/9, 41, 11, 28, 1
2015/1/10, 33, 16, 27, 1
2015/1/11, 34, 16, 25, 5
2015/1/12, 36, 9, 25, 4
2015/1/13, 33, 6, 26, 6
2015/1/14, 27, 6, 28, 4
2015/1/15, 30, 7, 26, 3
2015/1/16, 25, 15, 17, 
2015/1/17, 52, 17, 16, 
2015/1/18, 61, 16, 20, 6
2015/1/19, 62, 19, 18, 13
2015/1/20, 62, 32, 4, 18
2015/1/21, 84, 37, 8, 9
2015/1/22, 92, 36, 8, 7
2015/1/23, 89, , , 
2015/1/26, 6, 20, 23, 7
2015/1/27, 16, 17, 26, 9
2015/1/28, 36, 12, 22, 6
2015/1/29, 26, 9, 25, 12
2015/1/30, 29, 13, 16, 11
2015/1/31, 46, 16, 19, 10
2015/2/1, 55, 10, 23, 7
2015/2/2, 32, 12, 16, 11
2015/2/3, 35, 12, 19, 9
2015/2/4, 36, 13, 12, 9
2015/2/5, 44, 16, 16, 6
2015/2/6, 55, 27, 26, 8
2015/2/7, 73, 27, 30, 2
2015/2/8, 49, 28, 26, 5
2015/2/9, 39, 8, 26, 4
2015/2/10, 17, 14, 23, 11
2015/2/11, 43, 40, 3, 16
2015/2/12, 89, 41, 8, 18
2015/2/13, 97, 31, 15, 16
2015/2/14, 80, 34, 16, 8
2015/2/15, 87, 56, 9, 12
2015/2/16, 142, 47, 19, 11
2015/2/17, 107, 25, 11, 14
2015/2/18, 59, 35, 18, 10
2015/2/19, 89, 28, 23, 5
2015/2/20, 81, 9, 25, 4
2015/2/21, 34, 14, 25, 8
2015/2/22, 44, 11, 27, 4
2015/2/23, 43, 10, 27, 5
2015/2/24, 22, 15, 17, 12
2015/2/25, 32, 17, 17, 9
2015/2/26, 57, 13, 29, 3
2015/2/27, 37, 19, 28, 9
2015/2/28, 37, 12, 30, 2
2015/3/1, 33, 14, 29, 3
2015/3/2, 25, 12, 21, 9
2015/3/3, 19, 11, 30, 4
2015/3/4, 20, 16, 23, 7
2015/3/5, 24, 20, 22, 15
2015/3/6, 47, 24, 26, 9
2015/3/7, 65, 21, 29, 6
2015/3/8, 63, 20, 24, 6
2015/3/9, 56, 19, 27, 6
2015/3/10, 55, 18, 22, 8
2015/3/11, 45, 16, 29, 8
2015/3/12, 43, 20, 24, 6
2015/3/13, 58, 20, 20, 4
2015/3/14, 59, 29, 14, 3
2015/3/15, 72, 28, 24, 7
2015/3/16, 73, 48, 29, 10
2015/3/17, 101, 54, 26, 7
2015/3/18, 114, 58, 27, 6
2015/3/19, 137, 56, 24, 7
2015/3/20, 126, 40, 27, 4
2015/3/21, 94, 8, 29, 1
2015/3/22, 26, 17, 11, 9
2015/3/23, 45, 37, 25, 11
2015/3/24, 87, 40, 21, 7
2015/3/25, 93, 21, 25, 8
2015/3/26, 59, 12, 26, 3
2015/3/27, 29, 17, 24, 7
2015/3/28, 31, 12, 31, 2
2015/3/29, 34, 11, 31, 2
2015/3/30, 17, 11, 34, 2
2015/3/31, 18, 12, 30, 3
2014/10/1, 90, 21, 13, 8
2014/10/2, 75, 21, 10, 9
2014/10/3, 70, 20, 19, 7
2014/10/4, 84, 21, 23, 9
2014/10/5, 49, 19, 27, 2
2014/10/6, 59, 14, 24, 6
2014/10/7, 53, 8, 15, 8
2014/10/8, 29, 10, 21, 5
2014/10/9, 33, 15, 18, 8
2014/10/10, 46, 17, 4, 12
2014/10/11, 54, 18, 15, 9
2014/10/12, 65, 14, 17, 7
2014/10/13, 59, 10, 16, 7
2014/10/14, 36, 12, 17, 8
2014/10/15, 49, 13, 17, 9
2014/10/16, 56, 16, 15, 11
2014/10/17, 50, 14, 17, 7
2014/10/18, 45, 12, 22, 4
2014/10/19, 40, 15, 23, 4
2014/10/20, 38, 13, 22, 6
2014/10/21, 31, 10, 28, 2
2014/10/22, 25, 17, 13, 12
2014/10/23, 41, 19, 11, 8
2014/10/24, 56, 17, 14, 7
2014/10/25, 58, 15, 20, 7
2014/10/26, 59, 18, 17, 11
2014/10/27, 62, 22, 6, 13
2014/10/28, 69, 21, 9, 9
2014/10/29, 71, 18, , 12
2014/10/30, 68, 29, 5, 14
2014/10/31, 78, 20, 12, 11
2014/11/1, 59, 21, 24, 5
2014/11/2, 61, 11, 26, 4
2014/11/3, 36, 8, 23, 11
2014/11/4, 29, 16, 2, 11
2014/11/5, 56, 22, 7, 11
2014/11/6, 73, 18, 13, 9
2014/11/7, 63, 10, 20, 5
2014/11/8, 43, 14, 13, 10
2014/11/9, 44, 16, 20, 8
2014/11/10, 54, 16, 9, 12
2014/11/11, 56, 14, 2, 15
2014/11/12, 55, 20, 7, 15
2014/11/13, 59, 21, 4, 15
2014/11/14, 67, 19, 10, 11
2014/11/15, 67, 17, 19, 7
2014/11/16, 68, 10, 10, 11
2014/11/17, 57, 16, 5, 10
2014/11/18, 57, 30, 4, 6
2014/11/19, 80, 25, 6, 10
2014/11/20, 78, 25, 9, 9
2014/11/21, 76, 20, 3, 12
2014/11/22, 71, 21, 4, 14
2014/11/23, 70, 13, 23, 9
2014/11/24, 48, 15, 11, 11
2014/11/25, 49, 20, 9, 10
2014/11/26, 64, 22, , 13
2014/11/27, 70, 30, 4, 10
2014/11/28, 78, 36, 4, 8
2014/11/29, 94, 42, 1, 9
2014/11/30, 106, 36, 4, 8
2014/12/1, 95, 41, 4, 10
2014/12/2, 103, 43, 9, 9
2014/12/3, 103, 47, 4, 9
2014/12/4, 119, 49, , 11
2014/12/5, 122, 29, 17, 10
2014/12/6, 82, 17, 15, 12
2014/12/7, 60, 12, 16, 13
2014/12/8, 48, 15, 7, 16
2014/12/9, 56, 14, 23, 7
2014/12/10, 56, 13, 23, 7
2014/12/11, 38, 10, 25, 5
2014/12/12, 30, 12, 18, 15
2014/12/13, 36, 23, 10, 14
2014/12/14, 72, 16, 18, 10
2014/12/15, 65, 17, 16, 13
2014/12/16, 64, 11, 17, 7
2014/12/17, 52, 10, 22, 6
2014/12/18, 47, 8, 24, 4
2014/12/19, 29, 14, 27, 3
2014/12/20, 36, 17, 27, 5
2014/12/21, 48, 11, 24, 3
2014/12/22, 39, 14, 25, 3
2014/12/23, 30, 10, 25, 4
2014/12/24, 29, 14, 24, 4
2014/12/25, 33, 16, 16, 8
2014/12/26, 46, 15, 19, 4
2014/12/27, 54, 11, 18, 5
2014/12/28, 49, , , 
2014/9/3, 54, 12, 28, 5
2014/9/4, 60, 17, 36, 6
2014/9/5, 87, 31, 24, 8
2014/9/6, 128, 44, 18, 6
2014/9/7, 120, 36, 34, 3
2014/9/8, 72, 16, 28, 4
2014/9/9, 57, 15, 24, 5
2014/9/10, 52, 16, 24, 4
2014/9/11, 69, 27, 30, 4
2014/9/12, 55, 16, 32, 4
2014/9/13, 63, 18, 33, 2
2014/9/14, 64, 17, 28, 2
2014/9/15, 56, 16, 25, 6
2014/9/16, 83, 30, 29, 6
2014/9/17, 78, 33, 36, 6
2014/9/18, 67, 27, 30, 8
2014/9/19, 63, 21, 21, 7
2014/9/20, 84, 23, 25, 5
2014/9/21, 86, 24, 32, 1
2014/9/22, 59, 21, 26, 2
2014/9/23, 62, 25, 24, 8
2014/9/24, 103, 41, 17, 11
2014/9/25, 68, 21, 24, 6
2014/9/26, 49, 13, 16, 9
2014/9/27, 48, 13, 26, 10
2014/9/28, 55, 16, 19, 7
2014/9/29, 62, 19, 9, 12
2014/9/30, 86, 24, 25, 8
2024/12/31, , 14, 34, 1
2025/1/29, , 14, 23, 
2025/2/1, , 23, 16, 
2025/2/2, , 31, 12, 
2024/12/18, , 10, 31, 2
2024/4/13, , 14, 33, 2
2024/4/14, , 13, 33, 2
2024/4/15, , 9, 34, 1
2024/4/16, , 9, 33, 2
2024/4/17, , 8, 35, 2
2024/4/18, , 7, 34, 1
2024/4/19, , 8, 34, 
2024/4/20, , 5, 33, 
2024/4/21, , 8, 37, 2
2024/4/22, , 13, 38, 2
2024/4/23, , 10, 34, 1
2024/4/24, , 10, 34, 2
2024/4/25, , 9, 36, 2
2023/12/14, , 19, , 10
2023/12/15, , 15, , 5
2023/1/11, , 7, 28, 2
2023/1/12, , 16, 30, 2
2023/1/13, , 12, 30, 2
2023/1/14, , 12, 29, 2
2023/1/15, , 8, 25, 4
2023/1/16, , 9, 28, 9
2023/1/17, , 14, 14, 14
2023/1/18, , 12, 22, 7
2023/1/19, , 19, 16, 7
2023/1/20, , 21, 13, 3
2023/1/21, , 16, 18, 2
2023/1/22, , 15, 15, 4
2023/1/23, , 15, 18, 3
2023/1/24, , 24, 17, 7
2023/1/25, , 19, 26, 9
2023/1/26, , 8, 24, 1
2023/1/27, , 12, 26, 2
2023/1/28, , 23, 16, 8
2023/1/29, , 16, 26, 3
2023/1/30, , 18, 26, 5
2023/1/31, , 16, 27, 2
2023/2/1, , 13, 23, 2
2023/2/2, , 16, 25, 2
2023/2/3, , 24, 21, 3
2023/2/4, , 21, 30, 3
2023/2/5, , 22, 18, 5
2023/2/6, , 24, 14, 7
2023/2/7, , 25, 15, 11
2023/2/8, , 31, 11, 15
2023/2/9, , 29, 13, 14
2023/2/10, , 18, 17, 5
2023/2/11, , 18, 21, 4
2023/2/12, , 24, 16, 7
2022/10/20, , 15, 15, 7
2022/10/21, , 18, 20, 3
2022/11/30, , 31, 6, 5
2022/12/1, , 29, 15, 3
2022/12/2, , 23, 14, 3
2022/12/3, , 29, 5, 4
2022/12/4, , 16, 6, 3
2022/12/5, , 11, 12, 5
2022/12/6, , 11, 17, 5
2022/12/24, , 10, 14, 3
2022/12/25, , 9, 25, 2
2022/12/26, , 13, 21, 5
2022/6/30, , 19, 28, 3
2022/9/22, , 21, 25, 10
2022/9/23, , 11, 19, 3
2022/6/24, , 14, 23, 2
2022/6/25, , 14, 28, 2
2022/6/26, , 16, 25, 4
2022/6/27, , 13, 38, 3
2022/6/28, , 15, 52, 4
2022/6/29, , 20, 38, 4
2022/3/2, , 25, 30, 8
2021/10/1, , 10, 22, 2
2021/10/2, , 6, 27, 1
2021/10/3, , 6, 27, 1
2021/10/4, , 9, 26, 2
2021/10/5, , 9, 20, 4
2021/10/6, , 7, 23, 3
2021/10/7, , 10, 17, 4
2021/10/8, , 13, 22, 4
2021/10/9, , 27, 22, 4
2021/10/10, , 33, 23, 2
2021/10/11, , 11, 22, 3
2021/10/12, , 9, 24, 2
2021/10/13, , 8, 23, 4
2021/10/14, , 16, 15, 7
2021/10/15, , 16, 28, 5
2021/10/16, , 21, 19, 6
2021/10/17, , 16, 22, 4
2021/10/18, , 21, 13, 9
2021/10/19, , 13, 15, 4
2021/10/20, , 14, 19, 3
2021/10/21, , 8, 28, 2
2021/10/22, , 13, 26, 3
2021/10/23, , 15, 13, 7
2021/10/24, , 15, 19, 6
2021/10/25, , 13, 15, 6
2021/10/26, , 21, 19, 5
2021/10/27, , 14, 19, 5
2021/10/28, , 14, 16, 6
2021/10/29, , 17, 26, 6
2021/10/30, , 9, 22, 3
2021/10/31, , 9, 24, 2
2021/11/1, , 9, 24, 2
2021/11/2, , 8, 16, 5
2021/11/3, , 22, 8, 8
2021/11/4, , 17, 9, 9
2021/11/5, , 11, 19, 7
2021/11/6, , 15, 19, 7
2021/11/7, , 14, 25, 1
2021/11/8, , 18, 16, 7
2021/11/9, , 26, 17, 10
2021/11/10, , 28, 5, 16
2021/11/11, , 41, 1, 16
2021/11/12, , 33, 15, 13
2021/11/13, , 16, 13, 4
2021/11/14, , 22, 12, 5
2021/11/15, , 18, 14, 3
2021/11/16, , 27, 11, 5
2021/11/17, , 24, 19, 9
2021/11/18, , 22, 17, 10
2021/11/19, , 16, 19, 6
2021/11/20, , 13, 17, 5
2021/11/21, , 11, 23, 2
2021/11/22, , 10, 16, 4
2021/11/23, , 12, 18, 7
2021/11/24, , 14, 15, 8
2021/11/25, , 25, 14, 10
2021/11/26, , 10, 17, 6
2021/11/27, , 6, 16, 5
2021/11/28, , 9, 17, 4
2021/11/29, , 8, 18, 5
2021/11/30, , 8, 21, 4
2021/12/1, , 9, 25, 2
2021/12/2, , 10, 23, 6
2021/12/3, , 13, 18, 8
2021/12/4, , 8, 23, 5
2021/12/5, , 14, 20, 3
2021/12/19, , 8, 24, 1
2021/9/29, , 12, 21, 5
2021/9/30, , 12, 25, 3
2020/10/9, , 8, 22, 2
2020/10/10, , 9, 24, 3
2020/10/11, , 11, 18, 6
2020/11/2, , 11, 25, 3
2020/9/16, , 14, 24, 3
2020/3/31, , 16, 30, 5
2019/12/31, , 59, 6, 10
2020/3/10, , 7, 26, 3
2019/11/13, , 13, 8, 10
2018/12/31, , 35, 31, 2
2019/1/3, , 13, 21, 6
2018/7/4, , 13, 25, 1
2018/1/5, , 16, 16, 8
2018/2/7, , 35, 9, 18
2017/1/12, , 8, 26, 5
2017/3/14, , 28, 28, 10
2017/3/15, , 31, 30, 12
2017/3/16, , 19, 29, 5
2017/3/17, , 10, 25, 3
2017/3/18, , 16, 27, 3
2017/3/19, , 14, 25, 5
2016/8/3, , 14, 19, 3
2016/1/19, , 26, 7, 24
2016/1/20, , 26, 7, 21
2015/11/19, , 11, 21, 6
2015/11/20, , 8, 23, 4
2015/11/21, , 7, 25, 2
2015/11/22, , 11, 16, 15
2016/1/1, , 12, 13, 9
2015/7/7, , 12, 24, 3
2015/8/9, , 24, 34, 7
2015/9/5, , 11, 26, 1
2015/9/14, , 6, 25, 4
2014/12/31, , 53, 19, 9
2015/1/25, , 23, 26, 5
2014/7/1, , 9, 8, 6
2014/7/2, , 11, 64, 4
2014/7/4, , 26, 27, 3
2014/7/5, , 18, 21, 2
2014/7/6, , 9, 21, 2
2014/7/7, , 10, 32, 5
2014/7/8, , 14, 23, 4
2014/7/9, , 8, 27, 2
2014/7/10, , 15, 42, 3
2014/7/11, , 22, 34, 5
2014/7/12, , 23, 37, 3
2014/7/13, , 21, 36, 2
2014/7/14, , 15, 29, 3
2014/7/15, , 17, 16, 7
2014/7/16, , 14, 40, 4
2014/7/17, , 18, 48, 5
2014/7/18, , 18, 76, 5
2014/7/19, , 20, 73, 5
2014/7/20, , 23, 47, 3
2014/7/21, , 33, 32, 4
2014/7/22, , 13, 42, 2
2014/7/23, , 15, 44, 3
2014/7/24, , 17, 37, 3
2014/7/25, , 15, 30, 4
2014/7/26, , 16, 35, 4
2014/7/27, , 17, 40, 3
2014/7/28, , 19, 33, 3
2014/7/29, , 14, 38, 2
2014/7/31, , 15, 43, 5
2014/8/1, , 25, 49, 6
2014/8/2, , 25, 43, 5
2014/8/3, , 17, 32, 3
2014/8/4, , 12, 30, 4
2014/8/5, , 15, 32, 4
2014/8/7, , 17, 28, 4
2014/8/8, , 17, 28, 6
2014/8/9, , 14, 33, 3
2014/8/10, , 12, 24, 4
2014/8/11, , 15, 25, 3
2014/8/12, , 17, 30, 3
2014/8/13, , 9, 28, 4
2014/8/14, , 11, 24, 5
2014/8/15, , 11, 28, 5
2014/8/16, , 9, 28, 3
2014/8/17, , 10, 22, 4
2014/8/18, , 7, 22, 3
2014/8/19, , 9, 23, 4
2014/8/22, , 10, 23, 6
2014/8/23, , 9, 29, 5
2014/8/24, , 9, 29, 2
2014/8/26, , 12, 16, 7
2014/8/27, , 10, 34, 4
2014/8/28, , 15, 20, 7
2014/8/29, , 14, 27, 5
2014/8/30, , 16, 21, 4
2014/8/31, , 14, 23, 3
2014/9/1, , 12, 12, 5
2014/9/2, , 11, , 
2014/4/1, , 50, 33, 10
2014/4/2, , 56, 31, 9
2014/4/3, , 57, 12, 15
2014/4/4, , 46, 24, 10
2014/4/5, , 41, 19, 7
2014/4/6, , 31, 23, 5
2014/4/7, , 10, 30, 4
2014/4/8, , 8, 32, 6
2014/4/9, , 8, 20, 12
2014/4/10, , 17, 33, 6
2014/4/11, , 22, 24, 5
2014/4/12, , 12, 30, 3
2014/4/13, , 18, 31, 3
2014/4/14, , 12, 33, 3
2014/4/15, , 10, 30, 7
2014/4/16, , 14, 29, 11
2014/4/17, , 15, 32, 3
2014/4/18, , 14, 37, 2
2014/4/19, , 12, 41, 3
2014/4/20, , 29, 35, 4
2014/4/21, , 37, 34, 7
2014/4/22, , 20, 28, 9
2014/4/23, , 29, 28, 8
2014/4/24, , 26, 42, 4
2014/4/25, , 23, 36, 4
2014/4/26, , 21, 30, 4
2014/4/27, , 16, 28, 5
2014/4/28, , 9, 18, 8
2014/4/29, , 18, 28, 6
2014/4/30, , 33, 34, 4
2014/5/1, , 40, 30, 3
2014/5/2, , 23, 36, 2
2014/5/3, , 8, 38, 3
2014/5/4, , 10, 30, 10
2014/5/5, , 12, 32, 10
2014/5/6, , 18, 29, 4
2014/5/7, , 14, 25, 5
2014/5/8, , 13, 31, 3
2014/5/9, , 10, 23, 4
2014/5/10, , 15, 28, 2
2014/5/11, , 13, 29, 2
2014/5/12, , 8, 35, 3
2014/5/13, , 9, 33, 4
2014/5/14, , 8, 27, 4
2014/5/15, , 9, 36, 4
2014/5/16, , 13, 37, 3
2014/5/17, , 14, 40, 3
2014/5/18, , 14, 37, 6
2014/5/19, , 16, 45, 8
2014/5/20, , 17, 34, 7
2014/5/21, , 18, 38, 4
2014/5/22, , 13, 30, 6
2014/5/23, , 10, 38, 4
2014/5/24, , 13, 35, 4
2014/5/25, , 9, 35, 6
2014/5/26, , 12, 28, 6
2014/5/27, , 12, 9, 6
2014/5/28, , 10, 17, 6
2014/5/29, , 4, 28, 3
2014/5/30, , 9, 24, 3
2014/5/31, , 12, 37, 3
2014/6/1, , 14, 47, 4
2014/6/2, , 15, 43, 6
2014/6/3, , 24, 26, 6
2014/6/4, , 23, 29, 4
2014/6/5, , 9, 43, 5
2014/6/6, , 10, 57, 6
2014/6/7, , 15, 38, 3
2014/6/8, , 22, 42, 2
2014/6/9, , 13, 39, 4
2014/6/10, , 12, 15, 8
2014/6/11, , 14, 36, 3
2014/6/12, , 13, 33, 3
2014/6/13, , 13, 31, 1
2014/6/14, , 11, 32, 1
2014/6/15, , 14, 25, 2
2014/6/16, , 13, 29, 2
2014/6/17, , 17, 23, 3
2014/6/18, , 15, 19, 3
2014/6/19, , 8, 21, 2
2014/6/20, , 10, 31, 3
2014/6/21, , 8, 24, 3
2014/6/22, , 10, 25, 3
2014/6/23, , 6, 29, 4
2014/6/24, , 10, 33, 3
2014/6/25, , 8, 41, 5
2014/6/26, , 16, 34, 8
2014/6/27, , 24, 22, 4
2014/6/28, , 13, 32, 3
2014/6/29, , 12, 28, 3
2014/6/30, , 8, 29, 4
2014/1/30, , 39, 10, 20
2014/1/31, , 48, 23, 7
2014/2/1, , 25, 22, 4
2014/2/2, , 10, 15, 12
2014/2/3, , 17, 22, 10
2014/2/4, , 16, 27, 10
2014/2/5, , 21, 26, 5
2014/2/6, , 20, 20, 7
2014/2/7, , 10, 26, 4
2014/2/8, , 8, 29, 1
2014/2/9, , 7, 20, 13
2014/2/10, , 10, 26, 9
2014/2/11, , 12, 27, 6
2014/2/12, , 10, 27, 6
2014/2/13, , 8, 20, 8
2014/2/18, , 15, , 
2014/2/20, , 12, 26, 5
2014/2/21, , 7, 22, 5
2014/2/22, , 9, 26, 3
2014/2/23, , 10, 19, 10
2014/2/24, , 9, 23, 7
2014/2/25, , 11, 19, 10
2014/2/26, , 10, 22, 9
2014/2/27, , 18, 18, 10
2014/2/28, , 12, 19, 7
2014/3/1, , 15, 29, 5
2014/3/2, , 16, 19, 10
2014/3/3, , 15, 21, 12
2014/3/4, , 17, 18, 14
2014/3/5, , 22, 23, 15
2014/3/6, , 28, 22, 11
2014/3/7, , 41, 18, 9
2014/3/8, , 33, 36, 8
2014/3/9, , 37, 26, 11
2014/3/10, , 38, 24, 4
2014/3/11, , 43, 25, 10
2014/3/12, , 31, 28, 8
2014/3/13, , 50, 19, 9
2014/3/14, , 46, 31, 2
2014/3/15, , 40, 26, 3
2014/3/16, , 20, 17, 5
2014/3/17, , 15, 13, 8
2014/3/18, , 22, 23, 7
2014/3/19, , 16, 33, 7
2014/3/20, , 18, 25, 
2014/3/21, , 17, , 
2014/3/22, , 11, , 
2014/3/23, , 8, , 
2014/3/24, , 10, 29, 6
2014/3/25, , 17, 29, 7
2014/3/26, , 15, 28, 7
2014/3/27, , 18, 29, 6
2014/3/28, , 25, 31, 8
2014/3/29, , 37, 38, 8
2014/3/30, , 32, 41, 11
2014/3/31, , 34, 25, 14
2014/7/3, , , 58, 7
2014/7/30, , , 29, 3
2014/8/6, , , 7, 7
2014/8/20, , , 16, 5
2014/8/21, , , 25, 5
2014/8/25, , , 21, 7
2014/1/29, , , 6, 15
2014/2/14, , , 30, 2
2014/2/15, , , 24, 4
2014/2/16, , , 18, 11
2014/2/17, , , 11, 12
2014/2/19, , , 18, 6